method,solution,cluster,cluster_size,cluster_share,avg_Total_Spend,avg_Income,avg_Recency,avg_Total_Purchases,avg_Average_Spend_Per_Purchase,avg_Household_Children,avg_Response,avg_Campaign_Acceptance_Total,avg_Web_Purchase_Share,avg_Catalog_Purchase_Share,avg_Store_Purchase_Share,avg_Deal_Purchase_Share,avg_Wine_Spend_Share,avg_Meat_Spend_Share,avg_Fish_Spend_Share,avg_Fruit_Spend_Share,avg_Sweet_Spend_Share,avg_Gold_Spend_Share
kmeans,kmeans_k3,0,706,0.3191681735985534,1243.0609065155807,73225.79178470255,49.93059490084986,19.172804532577903,66.27961771742841,0.3385269121813031,0.23512747875354106,0.5623229461756374,0.26645219082464705,0.2939011348485842,0.4396466743267686,0.08533384171735621,0.42495983908986007,0.3173003860785343,0.07845064753502168,0.05561359922244173,0.058132152714471926,0.0655433753596701
kmeans,kmeans_k3,1,835,0.37748643761301987,495.45988023952094,51905.65389221557,47.80239520958084,12.8562874251497,32.762340382971466,1.3497005988023951,0.11976047904191617,0.25748502994011974,0.3841637638163667,0.1339654114217786,0.4818708247618546,0.2907101258152235,0.6539747271622369,0.18252720345490317,0.02894014951619379,0.02078356046328789,0.02007437183209976,0.09369998757127825
kmeans,kmeans_k3,2,671,0.30334538878842676,77.44709388971684,29648.67213114754,49.575260804769,5.256333830104322,12.947393604904784,1.0879284649776453,0.09985096870342772,0.07153502235469449,0.3256432092497666,0.06713432700765039,0.5982805859482462,0.36254236945369583,0.2522206997051126,0.2601826229442561,0.11751874824102468,0.07867669594744786,0.08128748966394961,0.210113743498209
kmeans,kmeans_k4,0,706,0.3191681735985534,698.429178470255,56219.932011331446,48.59206798866855,15.940509915014164,41.24337689046657,1.1869688385269122,0.15864022662889518,0.3385269121813031,0.39504266337617217,0.16773078163317748,0.4372265549906502,0.25078873508923294,0.6381655609661733,0.1817737108859091,0.03656030609419029,0.026434975270921535,0.026165780281961506,0.09089966650084412
kmeans,kmeans_k4,1,621,0.2807414104882459,1253.011272141707,74159.63285024154,49.608695652173914,18.903381642512077,67.5564233119845,0.2753623188405797,0.23510466988727857,0.5748792270531401,0.2527109420924563,0.30147890089093693,0.4458101570166067,0.07910835393261535,0.41553953068207067,0.32896231550754446,0.07845158841783477,0.05526720873375025,0.05696644777308073,0.0648129088857189
kmeans,kmeans_k4,2,490,0.22151898734177214,64.90612244897959,37282.73469387755,48.810204081632655,5.061224489795919,11.999872044055717,1.5551020408163265,0.0673469387755102,0.07346938775510205,0.31948331713637834,0.05347586653709102,0.625,0.3655045351473923,0.5086696289918311,0.26440309349012653,0.044016176677284434,0.02566075209834509,0.028522962485029908,0.12872738625738275
kmeans,kmeans_k4,3,395,0.17857142857142858,101.92911392405064,27645.430379746835,49.11645569620253,5.886075949367089,14.904721959943478,0.8227848101265823,0.10632911392405063,0.07088607594936709,0.34181808135605607,0.08243784626063105,0.5630858445352116,0.35689676006131704,0.14553817791989407,0.22488980715464874,0.15774258985729514,0.11101706158356495,0.11271354252384319,0.24809882096075372
kmeans,kmeans_k5,0,623,0.28164556962025317,1251.9614767255216,74094.9823434992,49.507223113964685,18.897271268057786,67.49449306544571,0.27768860353130015,0.23595505617977527,0.5778491171749599,0.2526171183569583,0.30128931932282554,0.446093562320216,0.07959616212564262,0.4160756305348944,0.32873146247689083,0.0782932883082895,0.055175457548521434,0.056930294545602146,0.06479386658580157
kmeans,kmeans_k5,1,387,0.17495479204339964,102.24547803617571,27577.994832041342,49.01808785529716,5.912144702842378,14.539820186751712,0.8268733850129198,0.10852713178294573,0.07235142118863049,0.3429532404144807,0.08078281465878363,0.5633440482859088,0.31971313211623287,0.14289696202401617,0.22180297519470063,0.16005558106812404,0.11117428221565406,0.113661135067899,0.25040906442960587
kmeans,kmeans_k5,2,708,0.32007233273056057,694.8940677966102,56327.50141242938,48.67655367231639,15.891242937853107,41.129181424160684,1.189265536723164,0.15677966101694915,0.3333333333333333,0.39494660771985235,0.16715057508149522,0.4379028171986523,0.251206567189832,0.638437414163325,0.18155134209212398,0.03658661932850862,0.026400374028372243,0.026110157923692066,0.09091409246397787
kmeans,kmeans_k5,3,493,0.222875226039783,64.04259634888439,36939.41582150102,48.870182555780936,5.040567951318458,11.89498052094401,1.5436105476673427,0.06693711967545639,0.07302231237322515,0.3198235616085514,0.05292829775588395,0.6252197430696417,0.3652797900769503,0.5038348668688063,0.2666536272015322,0.04410827841534607,0.026811747141676712,0.029086137012642104,0.12950534335999653
kmeans,kmeans_k5,4,1,0.0004520795660036166,178.0,8028.0,62.0,1.0,178.0,0.0,0.0,0.0,0.0,1.0,0.0,15.0,0.4101123595505618,0.3707865168539326,0.0393258426966292,0.1011235955056179,0.0674157303370786,0.0112359550561797
kmeans,kmeans_k6,0,543,0.24547920433996384,780.8195211786372,58618.05156537753,47.049723756906076,16.94290976058932,44.256359857186595,1.152854511970534,0.15653775322283608,0.40331491712707185,0.3812703236184355,0.17656051778170254,0.4421691585998619,0.22927502481989734,0.7018890249472093,0.15215384022726341,0.028785927565897505,0.02093959853553779,0.021711289769141114,0.0745203189549508
kmeans,kmeans_k6,1,334,0.15099457504520797,70.58682634730539,26060.314371257486,47.547904191616766,5.089820359281437,12.521299035296039,0.8203592814371258,0.10179640718562874,0.0718562874251497,0.31600212827757734,0.07379112072225844,0.5952366911199246,0.3318414286977161,0.13324939689306128,0.21609710655760417,0.16806985158877283,0.11722343358552853,0.11272196332511042,0.2526382480499226
kmeans,kmeans_k6,2,619,0.2798372513562387,1256.7415185783523,74146.47495961227,49.478190630048466,18.89983844911147,67.84489170541953,0.2778675282714055,0.23263327948303716,0.5654281098546042,0.2528152135283397,0.3011628908531937,0.4460218956184666,0.07877657380257136,0.41475538370808457,0.33065895947497126,0.07827154830251225,0.05470200630329711,0.056670673303371104,0.06494142890776353
kmeans,kmeans_k6,3,393,0.17766726943942135,56.56234096692112,38066.17048346056,49.51399491094148,4.801526717557252,11.081726387833259,1.6055979643765903,0.030534351145038167,0.061068702290076333,0.2922737002889675,0.04850770518709449,0.6566740652618515,0.3587909263481782,0.5426172384521851,0.24693488279613846,0.04027876477079236,0.023161987562577514,0.026082942155079624,0.12092418426322682
kmeans,kmeans_k6,4,322,0.14556962025316456,296.2298136645963,42032.42546583851,52.3416149068323,10.282608695652174,25.14050223870309,1.220496894409938,0.18012422360248448,0.13354037267080746,0.44555249987059836,0.11615062145672418,0.4382968786726774,0.32967598854263314,0.3705196409467668,0.2922880970419187,0.06932050987474882,0.04913783101529107,0.05438441302307477,0.16434950809819968
kmeans,kmeans_k6,5,1,0.0004520795660036166,178.0,8028.0,62.0,1.0,178.0,0.0,0.0,0.0,0.0,1.0,0.0,15.0,0.4101123595505618,0.3707865168539326,0.0393258426966292,0.1011235955056179,0.0674157303370786,0.0112359550561797
gmm,gmm_n3,0,21,0.00949367088607595,420.6666666666667,62081.42857142857,46.23809523809524,9.333333333333334,48.70453143523751,0.7142857142857143,0.0,0.047619047619047616,0.2977777777777778,0.23835796387520528,0.17814997263273125,0.8603860561988641,0.281415211927777,0.3112907727249836,0.04746657616274448,0.053283766178017125,0.10987067211461413,0.19667300089186351
gmm,gmm_n3,1,1208,0.546112115732369,1030.4056291390727,66193.08692052981,48.88658940397351,18.1614238410596,56.571723417846336,0.7077814569536424,0.20198675496688742,0.4776490066225166,0.3226757241549274,0.23435245960006207,0.4429718162450104,0.15247311059185964,0.5285913829265946,0.2530567497443736,0.059337885710406185,0.04195117281594704,0.04227673330059307,0.07478607550208535
gmm,gmm_n3,2,983,0.44439421338155516,91.264496439471,34250.183112919636,49.242115971515766,5.760935910478128,13.709286254606702,1.2472024415055951,0.09053916581892167,0.08341810783316378,0.33708339247505065,0.07761868232366705,0.5852979252012823,0.3499480696199923,0.3772965646533368,0.2429065793829677,0.08721190034372979,0.0586099299768305,0.05998955027386302,0.17398547536927203
gmm,gmm_n4,0,712,0.321880650994575,51.342696629213485,30879.625,49.03089887640449,4.747191011235955,10.538443017656501,1.273876404494382,0.08286516853932584,0.08426966292134831,0.32068285179240236,0.059099117174959866,0.6202180310326377,0.38171147672552164,0.3413224099308787,0.24401415567910564,0.0949096002083523,0.06437135008160227,0.06526076223169691,0.19012172186836404
gmm,gmm_n4,1,825,0.3729656419529837,486.5272727272727,51935.247272727276,48.52969696969697,14.237575757575758,31.186532144043234,1.147878787878788,0.10909090909090909,0.15757575757575756,0.3796900643433612,0.15077524051794008,0.46953469513869867,0.2549338274943585,0.5465931936714203,0.2106875239722816,0.05551165566077772,0.04133437848770627,0.039734001123517756,0.1061392470842962
gmm,gmm_n4,2,646,0.29204339963833637,1378.469040247678,74851.69040247679,49.743034055727556,19.13312693498452,74.75364957198524,0.33591331269349844,0.28173374613003094,0.7229102167182663,0.2730149068351973,0.2977355640070449,0.4292495291577577,0.0891045475333568,0.4841924416284711,0.3027820715087284,0.06614306162982986,0.043606445452913326,0.04614512991794092,0.057130849862116244
gmm,gmm_n4,3,29,0.013110307414104882,511.8965517241379,60200.862068965514,46.55172413793103,10.758620689655173,45.32921952645496,0.8620689655172413,0.06896551724137931,0.10344827586206896,0.3262227427744669,0.1930046192412423,0.27387608626015286,0.22738139288377102,0.29590948752896434,0.2708387288479688,0.07948596531435059,0.045052060192629945,0.11349442406449968,0.1952193340515865
gmm,gmm_n5,0,752,0.3399638336347197,56.527925531914896,31332.425531914894,49.19813829787234,4.8537234042553195,11.151725557244175,1.2553191489361701,0.08377659574468085,0.07845744680851063,0.3221235435663627,0.06098182624113475,0.6168946301925025,0.3744918313069909,0.3386173182001617,0.24647225236937442,0.0969045453707001,0.06443428502290122,0.0655524984865389,0.1880191005503235
gmm,gmm_n5,1,482,0.2179023508137432,1381.8672199170123,75732.03319502075,49.558091286307054,19.213692946058092,74.25346670203434,0.0,0.31742738589211617,0.7593360995850622,0.25900497180141546,0.30448398577417807,0.43651104242440636,0.05515860858540149,0.4386862955351319,0.33324356144177847,0.07161069815054809,0.04872247568806003,0.050081295577677994,0.05765567360680326
gmm,gmm_n5,2,478,0.21609403254972875,545.5543933054394,52622.01046025105,48.20292887029289,13.698744769874477,36.40585558074313,1.3263598326359833,0.14644351464435146,0.3284518828451883,0.3874402971171878,0.15961585973496034,0.45294384314785185,0.29134001374792123,0.6839744857044555,0.1709927854739887,0.018716068277258087,0.012926295085938571,0.014419225820784422,0.09897113963757459
gmm,gmm_n5,3,481,0.2174502712477396,769.6611226611227,60001.968814968815,49.16008316008316,17.074844074844076,42.798872533291366,1.0436590436590436,0.09771309771309772,0.1600831600831601,0.3495001697048224,0.19605738168350031,0.4544424486116772,0.19991432802103046,0.4506362125262852,0.24937214385582837,0.08541789926093153,0.061689122647272075,0.06084451970770055,0.09204010200198208
gmm,gmm_n5,4,19,0.008589511754068717,196.10526315789474,44936.68421052631,45.26315789473684,6.631578947368421,35.42843219159008,0.8421052631578947,0.0,0.05263157894736842,0.36922305764411023,0.06225563909774436,0.25273182957393486,0.13847117794486216,0.2919891028269229,0.17651286336622857,0.05186301405824259,0.08523601870229533,0.14494940045651147,0.24944960058979893
gmm,gmm_n6,0,385,0.17405063291139242,1421.1376623376623,76594.73766233766,49.72987012987013,19.48051948051948,75.22599651974461,0.0025974025974025974,0.3038961038961039,0.7038961038961039,0.2535139111606995,0.3120242762229876,0.43446181261631284,0.054775411323169806,0.4308577720413782,0.3469618709567339,0.06905043499993453,0.04746048150462883,0.04890315264704844,0.05676628785027582
gmm,gmm_n6,1,666,0.3010849909584087,499.8933933933934,52046.40690690691,48.6051051051051,14.56906906906907,31.436913648909364,1.2012012012012012,0.12312312312312312,0.1831831831831832,0.38832530465551773,0.15545176734020938,0.45622292800427283,0.2666920132280076,0.601171035075625,0.20477532487450803,0.03957221348488703,0.026201560581194928,0.02601669831503586,0.10226316766874895
gmm,gmm_n6,2,123,0.05560578661844485,17.975609756097562,32909.69918699187,46.357723577235774,2.8536585365853657,5.878048780487805,1.2926829268292683,0.04065040650406504,0.07317073170731707,0.24119241192411922,0.0,0.7100271002710027,0.3170731707317073,0.3575552529595438,0.2566008559913793,0.09215978725929708,0.06083437113277702,0.055960363315088656,0.17688936934191404
gmm,gmm_n6,3,592,0.26763110307414106,68.14527027027027,30729.93918918919,50.39358108108108,5.402027027027027,12.128248561061062,1.195945945945946,0.09797297297297297,0.07094594594594594,0.3423124463749464,0.07610856392106391,0.5815789897039897,0.35443680287430285,0.29341471754202436,0.2475641410880081,0.10531505885320057,0.07251935644055955,0.07756466115513629,0.20362206492107096
gmm,gmm_n6,4,70,0.03164556962025317,59.34285714285714,40622.04285714286,44.77142857142857,4.457142857142857,19.511802721088436,1.6142857142857143,0.0,0.14285714285714285,0.3196938775510204,0.05931972789115646,0.6209863945578231,0.5613265306122449,0.7397364881707036,0.1581287169611552,0.0024128042938217913,0.004235824274406904,0.0030508731940464655,0.09243529310586591
gmm,gmm_n6,5,376,0.16998191681735986,1107.720744680851,68344.27659574468,48.523936170212764,17.909574468085108,62.951922734779515,0.8377659574468085,0.18882978723404256,0.5478723404255319,0.3097789039064096,0.2434403696126025,0.4467807264809878,0.15805776222839657,0.47768116599173194,0.2443012068319121,0.08408426980055676,0.06110749449712109,0.061642302655913035,0.07118356022276491
