ID,kmeans_k3,kmeans_k4,kmeans_k5,kmeans_k6,gmm_n3,gmm_n4,gmm_n5,gmm_n6,recommended_method,recommended_solution,recommended_cluster,recommended_max_assignment_probability
5524,0,1,0,2,1,2,1,5,kmeans,kmeans_k3,0,1.0
2174,2,2,3,3,2,0,0,3,kmeans,kmeans_k3,2,1.0
4141,0,0,2,0,1,1,1,0,kmeans,kmeans_k3,0,1.0
6182,2,3,1,1,2,0,0,3,kmeans,kmeans_k3,2,1.0
5324,0,1,0,4,1,1,3,1,kmeans,kmeans_k3,0,1.0
7446,1,0,2,0,1,1,3,1,kmeans,kmeans_k3,1,1.0
965,1,0,2,4,1,1,3,5,kmeans,kmeans_k3,1,1.0
6177,1,2,3,4,2,1,3,1,kmeans,kmeans_k3,1,1.0
4855,2,2,3,4,2,0,0,3,kmeans,kmeans_k3,2,1.0
5899,1,2,3,4,0,3,4,4,kmeans,kmeans_k3,1,1.0
387,2,3,1,1,2,0,0,3,kmeans,kmeans_k3,2,1.0
2125,0,1,0,2,1,2,1,0,kmeans,kmeans_k3,0,1.0
8180,1,0,2,0,1,1,2,1,kmeans,kmeans_k3,1,1.0
2569,2,3,1,1,2,0,0,3,kmeans,kmeans_k3,2,1.0
2114,0,0,2,0,1,2,1,0,kmeans,kmeans_k3,0,1.0
9736,1,2,3,4,2,0,0,3,kmeans,kmeans_k3,1,1.0
4939,2,3,1,1,2,3,3,5,kmeans,kmeans_k3,2,1.0
6565,1,0,2,0,1,2,3,5,kmeans,kmeans_k3,1,1.0
2278,2,3,1,1,2,1,0,3,kmeans,kmeans_k3,2,1.0
9360,2,3,1,4,2,1,3,5,kmeans,kmeans_k3,2,1.0
5376,0,1,0,2,0,3,4,0,kmeans,kmeans_k3,0,1.0
1993,1,0,2,0,1,2,2,5,kmeans,kmeans_k3,1,1.0
4047,1,0,2,0,1,1,3,1,kmeans,kmeans_k3,1,1.0
1409,1,0,2,0,1,1,3,1,kmeans,kmeans_k3,1,1.0
7892,2,3,1,1,2,0,0,3,kmeans,kmeans_k3,2,1.0
2404,1,0,2,0,2,1,2,1,kmeans,kmeans_k3,1,1.0
9422,2,3,1,4,2,1,0,3,kmeans,kmeans_k3,2,1.0
1966,0,1,0,2,1,2,1,0,kmeans,kmeans_k3,0,1.0
6864,2,3,1,1,2,0,0,3,kmeans,kmeans_k3,2,1.0
3033,0,1,0,2,2,1,3,1,kmeans,kmeans_k3,0,1.0
5710,1,0,2,0,2,1,2,1,kmeans,kmeans_k3,1,1.0
7373,1,0,2,4,1,1,3,1,kmeans,kmeans_k3,1,1.0
8755,0,1,0,2,1,2,1,0,kmeans,kmeans_k3,0,1.0
10738,1,2,3,3,2,0,0,3,kmeans,kmeans_k3,1,1.0
4339,0,1,0,0,1,2,3,1,kmeans,kmeans_k3,0,1.0
10755,2,3,1,1,2,0,0,3,kmeans,kmeans_k3,2,1.0
8595,1,2,3,3,2,0,0,3,kmeans,kmeans_k3,1,1.0
2968,0,1,0,2,1,2,1,5,kmeans,kmeans_k3,0,1.0
8601,0,1,0,2,1,2,3,5,kmeans,kmeans_k3,0,1.0
503,2,2,3,4,2,0,0,3,kmeans,kmeans_k3,2,1.0
8430,2,2,3,3,2,0,0,2,kmeans,kmeans_k3,2,1.0
2139,2,3,1,1,2,0,0,3,kmeans,kmeans_k3,2,1.0
1371,0,1,0,2,1,2,1,0,kmeans,kmeans_k3,0,1.0
9909,2,3,1,1,2,0,0,3,kmeans,kmeans_k3,2,1.0
7286,2,3,1,4,2,0,0,3,kmeans,kmeans_k3,2,1.0
6566,1,0,2,0,1,2,2,5,kmeans,kmeans_k3,1,1.0
8614,0,1,0,2,1,1,3,5,kmeans,kmeans_k3,0,1.0
4114,0,1,0,2,1,2,1,0,kmeans,kmeans_k3,0,1.0
1331,2,3,1,1,2,0,0,3,kmeans,kmeans_k3,2,1.0
2225,0,1,0,2,1,2,1,0,kmeans,kmeans_k3,0,1.0
9381,1,0,2,0,1,1,3,1,kmeans,kmeans_k3,1,1.0
6260,0,1,0,2,1,2,1,0,kmeans,kmeans_k3,0,1.0
10383,0,1,0,2,1,2,1,0,kmeans,kmeans_k3,0,1.0
7437,2,2,3,3,2,0,0,3,kmeans,kmeans_k3,2,1.0
8375,1,0,2,0,1,1,2,1,kmeans,kmeans_k3,1,1.0
6853,0,1,0,2,1,2,1,0,kmeans,kmeans_k3,0,1.0
3076,1,0,2,0,1,1,3,1,kmeans,kmeans_k3,1,1.0
1012,1,0,2,0,1,1,2,1,kmeans,kmeans_k3,1,1.0
6518,1,0,2,0,1,1,2,1,kmeans,kmeans_k3,1,1.0
4137,0,1,0,2,1,2,1,0,kmeans,kmeans_k3,0,1.0
8082,2,3,1,1,2,0,0,3,kmeans,kmeans_k3,2,1.0
1386,1,2,3,3,2,0,0,2,kmeans,kmeans_k3,1,1.0
9369,0,1,0,2,1,2,3,5,kmeans,kmeans_k3,0,1.0
4477,0,1,0,2,1,1,3,5,kmeans,kmeans_k3,0,1.0
1357,0,0,2,0,1,3,2,5,kmeans,kmeans_k3,0,1.0
1402,0,1,0,2,1,2,3,5,kmeans,kmeans_k3,0,1.0
6312,0,0,2,4,1,2,3,5,kmeans,kmeans_k3,0,1.0
8132,1,0,2,0,1,1,2,1,kmeans,kmeans_k3,1,1.0
1050,2,3,1,1,2,0,0,3,kmeans,kmeans_k3,2,1.0
5846,2,3,1,1,2,0,0,2,kmeans,kmeans_k3,2,1.0
1859,0,1,0,2,1,2,1,0,kmeans,kmeans_k3,0,1.0
7503,0,1,0,2,1,2,1,5,kmeans,kmeans_k3,0,1.0
10401,2,3,1,1,2,0,0,2,kmeans,kmeans_k3,2,1.0
1618,1,0,2,0,1,1,2,1,kmeans,kmeans_k3,1,1.0
3332,2,2,3,4,2,1,2,1,kmeans,kmeans_k3,2,1.0
2261,2,2,3,1,2,0,0,2,kmeans,kmeans_k3,2,1.0
5346,2,3,1,4,2,0,0,3,kmeans,kmeans_k3,2,1.0
4119,0,1,0,2,2,1,3,1,kmeans,kmeans_k3,0,1.0
535,0,1,0,2,1,2,1,0,kmeans,kmeans_k3,0,1.0
5268,2,2,3,1,2,0,0,3,kmeans,kmeans_k3,2,1.0
273,1,0,2,0,2,1,2,1,kmeans,kmeans_k3,1,1.0
4452,1,0,2,0,1,1,2,1,kmeans,kmeans_k3,1,1.0
8504,0,1,0,2,1,2,1,0,kmeans,kmeans_k3,0,1.0
771,1,0,2,0,2,1,3,1,kmeans,kmeans_k3,1,1.0
11178,2,2,3,3,2,0,0,3,kmeans,kmeans_k3,2,1.0
2230,1,2,3,3,2,0,0,3,kmeans,kmeans_k3,1,1.0
7516,2,3,1,1,2,0,0,3,kmeans,kmeans_k3,2,1.0
7247,1,0,2,0,1,1,2,1,kmeans,kmeans_k3,1,1.0
11100,1,2,3,3,2,0,0,3,kmeans,kmeans_k3,1,1.0
4646,0,1,0,2,1,2,1,0,kmeans,kmeans_k3,0,1.0
3037,0,1,0,4,1,1,1,5,kmeans,kmeans_k3,0,1.0
1473,1,2,3,3,2,0,0,3,kmeans,kmeans_k3,1,1.0
1016,1,2,3,3,2,0,0,3,kmeans,kmeans_k3,1,1.0
4518,0,1,0,2,1,1,3,5,kmeans,kmeans_k3,0,1.0
9370,0,1,0,2,1,2,1,0,kmeans,kmeans_k3,0,1.0
8908,0,1,0,2,1,2,1,0,kmeans,kmeans_k3,0,1.0
8373,2,3,1,1,2,0,0,3,kmeans,kmeans_k3,2,1.0
7533,1,0,2,0,2,1,2,1,kmeans,kmeans_k3,1,1.0
2683,0,0,2,4,1,1,3,5,kmeans,kmeans_k3,0,1.0
3629,1,0,2,4,2,1,2,1,kmeans,kmeans_k3,1,1.0
10991,0,1,0,2,1,2,1,0,kmeans,kmeans_k3,0,1.0
5077,0,1,0,2,1,1,3,5,kmeans,kmeans_k3,0,1.0
7431,1,0,2,0,1,2,1,0,kmeans,kmeans_k3,1,1.0
3267,1,0,2,0,1,1,2,1,kmeans,kmeans_k3,1,1.0
999,0,1,0,2,1,2,1,0,kmeans,kmeans_k3,0,1.0
9215,1,0,2,0,1,1,2,1,kmeans,kmeans_k3,1,1.0
2286,1,2,3,3,2,1,2,3,kmeans,kmeans_k3,1,1.0
1592,0,1,0,2,1,2,1,5,kmeans,kmeans_k3,0,1.0
367,2,3,1,4,1,1,3,5,kmeans,kmeans_k3,2,1.0
5234,2,3,1,1,2,0,0,3,kmeans,kmeans_k3,2,1.0
9862,2,3,1,1,2,0,0,3,kmeans,kmeans_k3,2,1.0
9805,1,0,2,0,1,1,3,5,kmeans,kmeans_k3,1,1.0
6205,2,2,3,3,2,0,0,3,kmeans,kmeans_k3,2,1.0
8442,2,2,3,3,2,0,0,3,kmeans,kmeans_k3,2,1.0
7386,2,2,3,3,2,0,0,3,kmeans,kmeans_k3,2,1.0
7215,0,1,0,2,1,2,1,5,kmeans,kmeans_k3,0,1.0
1491,0,1,0,2,1,2,3,5,kmeans,kmeans_k3,0,1.0
11071,0,1,0,2,1,2,1,0,kmeans,kmeans_k3,0,1.0
3381,1,2,3,3,2,1,2,4,kmeans,kmeans_k3,1,1.0
11051,1,0,2,0,1,1,2,1,kmeans,kmeans_k3,1,1.0
8026,0,1,0,2,1,1,3,5,kmeans,kmeans_k3,0,1.0
433,1,0,2,0,1,1,2,1,kmeans,kmeans_k3,1,1.0
9597,0,1,0,2,1,1,1,0,kmeans,kmeans_k3,0,1.0
5290,1,0,2,0,1,1,2,1,kmeans,kmeans_k3,1,1.0
1685,0,1,0,2,1,2,1,0,kmeans,kmeans_k3,0,1.0
5342,2,3,1,1,2,0,0,3,kmeans,kmeans_k3,2,1.0
9579,1,2,3,4,2,1,2,3,kmeans,kmeans_k3,1,1.0
7660,2,2,3,3,2,0,0,3,kmeans,kmeans_k3,2,1.0
1461,2,2,3,3,2,0,0,3,kmeans,kmeans_k3,2,1.0
821,0,1,0,2,1,2,1,0,kmeans,kmeans_k3,0,1.0
11084,1,0,2,0,1,2,2,5,kmeans,kmeans_k3,1,1.0
8690,0,1,0,2,1,2,1,0,kmeans,kmeans_k3,0,1.0
2937,1,0,2,0,1,1,2,1,kmeans,kmeans_k3,1,1.0
9701,2,3,1,1,2,1,3,3,kmeans,kmeans_k3,2,1.0
9949,1,0,2,0,1,2,2,5,kmeans,kmeans_k3,1,1.0
10837,2,3,1,1,2,0,0,3,kmeans,kmeans_k3,2,1.0
3120,2,2,3,3,2,0,0,2,kmeans,kmeans_k3,2,1.0
5885,1,2,3,4,2,1,2,1,kmeans,kmeans_k3,1,1.0
4050,2,3,1,1,2,1,0,3,kmeans,kmeans_k3,2,1.0
3830,1,0,2,0,1,1,3,1,kmeans,kmeans_k3,1,1.0
7987,1,0,2,0,1,1,2,1,kmeans,kmeans_k3,1,1.0
7798,1,0,2,4,1,1,3,1,kmeans,kmeans_k3,1,1.0
92,2,3,1,1,2,0,0,3,kmeans,kmeans_k3,2,1.0
7055,1,0,2,0,1,1,2,1,kmeans,kmeans_k3,1,1.0
10240,1,0,2,0,1,2,1,0,kmeans,kmeans_k3,1,1.0
3025,1,0,2,0,1,1,2,1,kmeans,kmeans_k3,1,1.0
9283,2,2,3,3,2,0,0,2,kmeans,kmeans_k3,2,1.0
9970,2,1,0,2,2,1,3,3,kmeans,kmeans_k3,2,1.0
2730,0,1,0,2,1,2,1,0,kmeans,kmeans_k3,0,1.0
2795,2,2,3,3,2,0,0,2,kmeans,kmeans_k3,2,1.0
9260,1,0,2,0,1,2,1,5,kmeans,kmeans_k3,1,1.0
8182,2,2,3,4,2,1,0,1,kmeans,kmeans_k3,2,1.0
10095,0,1,0,2,1,2,1,0,kmeans,kmeans_k3,0,1.0
8475,0,1,0,2,0,3,3,5,kmeans,kmeans_k3,0,1.0
4370,2,2,3,3,2,0,0,3,kmeans,kmeans_k3,2,1.0
10573,0,1,0,2,1,2,1,5,kmeans,kmeans_k3,0,1.0
3712,1,0,2,0,1,1,2,1,kmeans,kmeans_k3,1,1.0
6637,0,1,0,2,1,2,1,0,kmeans,kmeans_k3,0,1.0
3152,2,3,1,1,2,0,0,3,kmeans,kmeans_k3,2,1.0
5610,2,2,3,1,2,0,0,3,kmeans,kmeans_k3,2,1.0
6460,2,3,1,1,2,0,0,3,kmeans,kmeans_k3,2,1.0
1349,1,2,3,4,2,1,2,1,kmeans,kmeans_k3,1,1.0
1880,1,2,3,3,2,1,2,4,kmeans,kmeans_k3,1,1.0
641,1,0,2,4,2,0,2,3,kmeans,kmeans_k3,1,1.0
8717,0,0,2,0,1,2,3,5,kmeans,kmeans_k3,0,1.0
10314,0,1,0,0,1,2,1,0,kmeans,kmeans_k3,0,1.0
10854,1,2,3,3,2,0,0,4,kmeans,kmeans_k3,1,1.0
10492,2,2,3,3,2,0,0,2,kmeans,kmeans_k3,2,1.0
6935,0,1,0,2,1,2,1,0,kmeans,kmeans_k3,0,1.0
7698,1,0,2,0,2,1,2,1,kmeans,kmeans_k3,1,1.0
3559,2,3,1,1,2,0,0,3,kmeans,kmeans_k3,2,1.0
10562,0,1,0,2,1,2,1,0,kmeans,kmeans_k3,0,1.0
10796,1,2,3,3,2,0,0,3,kmeans,kmeans_k3,1,1.0
2563,2,3,1,1,2,0,0,3,kmeans,kmeans_k3,2,1.0
3518,2,3,1,1,2,0,0,3,kmeans,kmeans_k3,2,1.0
5823,1,2,3,3,2,0,0,4,kmeans,kmeans_k3,1,1.0
3934,1,0,2,0,1,1,2,1,kmeans,kmeans_k3,1,1.0
6982,0,1,0,2,1,2,1,0,kmeans,kmeans_k3,0,1.0
6431,1,2,3,3,2,0,0,3,kmeans,kmeans_k3,1,1.0
9733,2,3,1,1,2,0,0,3,kmeans,kmeans_k3,2,1.0
5602,0,1,0,2,1,2,1,0,kmeans,kmeans_k3,0,1.0
1324,2,3,1,4,2,0,0,3,kmeans,kmeans_k3,2,1.0
326,1,0,2,0,1,1,2,1,kmeans,kmeans_k3,1,1.0
7224,2,2,3,3,2,0,0,3,kmeans,kmeans_k3,2,1.0
6999,0,0,2,0,1,1,1,0,kmeans,kmeans_k3,0,1.0
9938,0,1,0,2,1,2,1,0,kmeans,kmeans_k3,0,1.0
6422,0,1,0,2,1,2,1,0,kmeans,kmeans_k3,0,1.0
3182,1,0,2,4,2,1,2,1,kmeans,kmeans_k3,1,1.0
7300,1,0,2,0,1,1,2,1,kmeans,kmeans_k3,1,1.0
10424,0,1,0,2,1,2,1,0,kmeans,kmeans_k3,0,1.0
8727,0,0,2,0,1,1,3,1,kmeans,kmeans_k3,0,1.0
2798,0,1,0,2,1,2,1,5,kmeans,kmeans_k3,0,1.0
1030,1,2,3,3,2,0,0,3,kmeans,kmeans_k3,1,1.0
624,2,3,1,1,2,0,0,3,kmeans,kmeans_k3,2,1.0
5176,2,3,1,1,2,0,0,3,kmeans,kmeans_k3,2,1.0
5552,1,0,2,4,2,1,3,1,kmeans,kmeans_k3,1,1.0
868,1,2,3,3,2,0,0,4,kmeans,kmeans_k3,1,1.0
380,1,0,2,0,1,2,2,5,kmeans,kmeans_k3,1,1.0
2677,2,3,1,4,2,1,3,5,kmeans,kmeans_k3,2,1.0
6521,0,1,0,2,1,2,1,0,kmeans,kmeans_k3,0,1.0
6927,1,0,2,0,2,1,2,1,kmeans,kmeans_k3,1,1.0
2877,1,0,2,0,1,1,2,1,kmeans,kmeans_k3,1,1.0
0,0,1,0,2,1,2,1,0,kmeans,kmeans_k3,0,1.0
1584,1,0,2,4,1,1,2,1,kmeans,kmeans_k3,1,1.0
7264,1,2,3,3,2,0,0,2,kmeans,kmeans_k3,1,1.0
6274,0,1,0,2,1,2,1,0,kmeans,kmeans_k3,0,1.0
1377,1,0,2,0,1,1,2,1,kmeans,kmeans_k3,1,1.0
454,1,0,2,0,1,1,2,1,kmeans,kmeans_k3,1,1.0
1755,2,3,1,1,2,1,0,3,kmeans,kmeans_k3,2,1.0
2075,0,1,0,2,1,2,1,0,kmeans,kmeans_k3,0,1.0
4785,1,0,2,0,1,1,3,1,kmeans,kmeans_k3,1,1.0
9076,1,0,2,0,2,1,2,1,kmeans,kmeans_k3,1,1.0
7079,1,0,2,0,1,1,2,1,kmeans,kmeans_k3,1,1.0
4653,1,0,2,0,2,1,2,1,kmeans,kmeans_k3,1,1.0
7375,1,0,2,4,1,1,2,1,kmeans,kmeans_k3,1,1.0
709,1,0,2,0,1,2,2,5,kmeans,kmeans_k3,1,1.0
460,0,1,0,2,1,2,1,0,kmeans,kmeans_k3,0,1.0
3726,2,2,3,3,2,0,0,2,kmeans,kmeans_k3,2,1.0
6798,1,0,2,4,1,1,2,1,kmeans,kmeans_k3,1,1.0
5341,1,0,2,0,1,2,3,5,kmeans,kmeans_k3,1,1.0
1606,2,3,1,1,2,0,0,2,kmeans,kmeans_k3,2,1.0
9617,2,3,1,1,2,0,0,3,kmeans,kmeans_k3,2,1.0
3233,0,1,0,2,1,2,3,1,kmeans,kmeans_k3,0,1.0
89,2,3,1,1,2,0,0,3,kmeans,kmeans_k3,2,1.0
2936,2,2,3,3,2,0,0,4,kmeans,kmeans_k3,2,1.0
9449,1,0,2,0,1,1,3,1,kmeans,kmeans_k3,1,1.0
7297,2,3,1,1,2,0,0,3,kmeans,kmeans_k3,2,1.0
313,0,1,0,2,1,2,1,0,kmeans,kmeans_k3,0,1.0
9940,0,1,0,2,1,2,3,5,kmeans,kmeans_k3,0,1.0
10735,2,2,3,3,2,0,0,3,kmeans,kmeans_k3,2,1.0
9529,0,1,0,2,1,2,1,0,kmeans,kmeans_k3,0,1.0
6439,1,0,2,0,1,1,2,1,kmeans,kmeans_k3,1,1.0
7411,2,2,3,3,2,0,0,4,kmeans,kmeans_k3,2,1.0
2176,1,0,2,0,1,2,2,5,kmeans,kmeans_k3,1,1.0
9265,1,0,2,0,1,2,3,5,kmeans,kmeans_k3,1,1.0
8867,0,1,0,2,1,2,1,0,kmeans,kmeans_k3,0,1.0
8932,1,0,2,0,1,2,3,5,kmeans,kmeans_k3,1,1.0
10236,2,2,3,4,2,0,0,3,kmeans,kmeans_k3,2,1.0
6340,2,3,1,1,2,0,0,3,kmeans,kmeans_k3,2,1.0
10089,0,1,0,2,1,2,1,0,kmeans,kmeans_k3,0,1.0
2227,2,3,1,1,2,1,3,3,kmeans,kmeans_k3,2,1.0
10992,1,0,2,0,1,2,2,5,kmeans,kmeans_k3,1,1.0
5304,1,2,3,3,2,0,0,4,kmeans,kmeans_k3,1,1.0
309,1,0,2,0,1,2,2,5,kmeans,kmeans_k3,1,1.0
3406,0,1,0,2,1,1,3,1,kmeans,kmeans_k3,0,1.0
2661,2,3,1,1,2,0,0,3,kmeans,kmeans_k3,2,1.0
3153,1,2,3,3,2,0,0,2,kmeans,kmeans_k3,1,1.0
10264,2,3,1,1,2,0,0,3,kmeans,kmeans_k3,2,1.0
1184,1,0,2,0,1,1,3,1,kmeans,kmeans_k3,1,1.0
4200,1,0,2,0,1,1,3,1,kmeans,kmeans_k3,1,1.0
9396,2,2,3,3,2,0,0,2,kmeans,kmeans_k3,2,1.0
2387,1,0,2,0,1,1,2,1,kmeans,kmeans_k3,1,1.0
6690,1,2,3,4,2,0,2,3,kmeans,kmeans_k3,1,1.0
1225,0,1,0,2,1,2,1,0,kmeans,kmeans_k3,0,1.0
9703,1,0,2,4,2,1,2,1,kmeans,kmeans_k3,1,1.0
291,0,1,0,2,1,2,1,0,kmeans,kmeans_k3,0,1.0
4557,2,3,1,1,2,0,0,3,kmeans,kmeans_k3,2,1.0
2379,0,1,0,2,1,2,1,5,kmeans,kmeans_k3,0,1.0
5726,2,3,3,4,2,0,0,3,kmeans,kmeans_k3,2,1.0
3066,1,0,2,0,2,1,2,1,kmeans,kmeans_k3,1,1.0
6336,2,2,3,3,2,0,0,3,kmeans,kmeans_k3,2,1.0
10967,2,2,3,3,2,1,0,3,kmeans,kmeans_k3,2,1.0
2304,1,0,2,0,1,1,2,1,kmeans,kmeans_k3,1,1.0
3445,0,1,0,2,1,1,1,5,kmeans,kmeans_k3,0,1.0
7828,0,1,0,2,1,2,1,5,kmeans,kmeans_k3,0,1.0
3762,0,1,0,2,1,2,1,0,kmeans,kmeans_k3,0,1.0
4391,1,0,2,0,1,1,2,1,kmeans,kmeans_k3,1,1.0
4669,2,3,1,1,2,0,0,3,kmeans,kmeans_k3,2,1.0
10144,1,0,2,4,1,1,2,1,kmeans,kmeans_k3,1,1.0
8652,2,3,1,1,2,3,3,5,kmeans,kmeans_k3,2,1.0
1672,0,1,0,2,1,1,3,1,kmeans,kmeans_k3,0,1.0
8962,1,2,3,3,2,0,0,4,kmeans,kmeans_k3,1,1.0
9974,2,3,1,4,2,0,0,3,kmeans,kmeans_k3,2,1.0
10983,0,1,0,2,1,2,1,0,kmeans,kmeans_k3,0,1.0
8148,1,0,2,4,1,1,3,5,kmeans,kmeans_k3,1,1.0
10102,0,1,0,2,1,2,1,0,kmeans,kmeans_k3,0,1.0
4697,1,0,2,0,1,1,2,1,kmeans,kmeans_k3,1,1.0
9262,2,3,1,1,2,0,0,3,kmeans,kmeans_k3,2,1.0
7254,2,2,3,4,2,1,0,1,kmeans,kmeans_k3,2,1.0
4543,0,1,0,2,1,2,1,0,kmeans,kmeans_k3,0,1.0
4927,2,3,1,1,2,0,0,3,kmeans,kmeans_k3,2,1.0
10451,2,2,3,3,2,0,0,2,kmeans,kmeans_k3,2,1.0
2926,1,0,2,0,1,2,2,5,kmeans,kmeans_k3,1,1.0
2874,2,3,1,1,2,0,0,3,kmeans,kmeans_k3,2,1.0
9738,1,2,3,4,2,1,0,1,kmeans,kmeans_k3,1,1.0
7119,0,1,0,2,1,2,1,5,kmeans,kmeans_k3,0,1.0
3924,1,0,2,0,1,1,2,1,kmeans,kmeans_k3,1,1.0
5827,1,2,3,3,2,0,0,3,kmeans,kmeans_k3,1,1.0
5596,1,0,2,0,1,1,2,1,kmeans,kmeans_k3,1,1.0
10812,1,2,3,3,2,1,0,3,kmeans,kmeans_k3,1,1.0
1717,2,0,2,4,2,1,3,1,kmeans,kmeans_k3,2,1.0
9491,2,3,1,4,2,0,0,3,kmeans,kmeans_k3,2,1.0
9274,0,1,0,2,1,2,1,0,kmeans,kmeans_k3,0,1.0
6609,2,3,1,1,2,0,0,3,kmeans,kmeans_k3,2,1.0
6963,0,1,0,2,1,2,1,0,kmeans,kmeans_k3,0,1.0
4440,1,0,2,0,1,1,2,1,kmeans,kmeans_k3,1,1.0
1379,1,0,2,0,2,1,3,1,kmeans,kmeans_k3,1,1.0
10032,2,3,1,1,2,0,0,3,kmeans,kmeans_k3,2,1.0
2826,1,2,3,3,2,0,0,3,kmeans,kmeans_k3,1,1.0
6320,0,1,0,2,1,2,1,0,kmeans,kmeans_k3,0,1.0
3050,1,0,2,0,2,1,2,1,kmeans,kmeans_k3,1,1.0
231,1,2,3,3,2,0,0,4,kmeans,kmeans_k3,1,1.0
2392,1,2,3,4,2,0,0,3,kmeans,kmeans_k3,1,1.0
9478,0,1,0,2,1,1,3,5,kmeans,kmeans_k3,0,1.0
113,2,2,3,3,2,0,0,3,kmeans,kmeans_k3,2,1.0
1802,0,1,0,2,1,1,3,1,kmeans,kmeans_k3,0,1.0
520,2,3,1,1,2,0,0,2,kmeans,kmeans_k3,2,1.0
8275,1,2,3,3,2,0,0,2,kmeans,kmeans_k3,1,1.0
9750,1,0,2,0,1,2,3,5,kmeans,kmeans_k3,1,1.0
2607,1,0,2,0,1,1,2,1,kmeans,kmeans_k3,1,1.0
7214,0,1,0,2,1,2,1,0,kmeans,kmeans_k3,0,1.0
5835,2,2,3,3,2,0,0,3,kmeans,kmeans_k3,2,1.0
3896,2,2,3,3,2,0,0,3,kmeans,kmeans_k3,2,1.0
10350,1,2,3,3,2,0,0,4,kmeans,kmeans_k3,1,1.0
7786,2,2,3,4,2,1,2,1,kmeans,kmeans_k3,2,1.0
2861,2,2,3,3,2,0,0,2,kmeans,kmeans_k3,2,1.0
663,2,2,3,3,2,0,0,3,kmeans,kmeans_k3,2,1.0
10675,1,0,2,0,1,2,3,5,kmeans,kmeans_k3,1,1.0
2521,2,2,3,4,2,0,0,3,kmeans,kmeans_k3,2,1.0
9592,2,2,3,1,2,0,0,3,kmeans,kmeans_k3,2,1.0
10151,0,1,0,2,1,1,3,1,kmeans,kmeans_k3,0,1.0
7381,0,0,2,0,1,2,1,0,kmeans,kmeans_k3,0,1.0
4099,2,3,1,1,2,0,0,3,kmeans,kmeans_k3,2,1.0
9560,0,1,0,2,1,2,1,0,kmeans,kmeans_k3,0,1.0
10172,0,1,0,2,1,2,1,0,kmeans,kmeans_k3,0,1.0
11191,2,3,1,1,2,1,0,3,kmeans,kmeans_k3,2,1.0
9707,1,0,2,0,1,2,2,5,kmeans,kmeans_k3,1,1.0
6245,1,0,2,0,1,1,2,1,kmeans,kmeans_k3,1,1.0
8234,2,3,1,1,2,0,0,2,kmeans,kmeans_k3,2,1.0
1411,0,1,0,2,1,2,1,0,kmeans,kmeans_k3,0,1.0
8553,1,2,3,3,2,0,0,4,kmeans,kmeans_k3,1,1.0
1826,0,1,0,2,1,2,1,0,kmeans,kmeans_k3,0,1.0
8842,2,2,3,3,2,0,0,3,kmeans,kmeans_k3,2,1.0
11030,2,2,3,3,2,0,0,2,kmeans,kmeans_k3,2,1.0
2579,0,1,0,2,1,1,3,1,kmeans,kmeans_k3,0,1.0
175,0,1,0,2,1,2,3,5,kmeans,kmeans_k3,0,1.0
9185,0,1,0,2,1,2,3,5,kmeans,kmeans_k3,0,1.0
11056,0,1,0,2,1,2,1,0,kmeans,kmeans_k3,0,1.0
9365,1,0,2,0,1,2,3,5,kmeans,kmeans_k3,1,1.0
6201,2,2,3,3,2,0,0,3,kmeans,kmeans_k3,2,1.0
2061,1,2,3,3,2,1,2,1,kmeans,kmeans_k3,1,1.0
6184,0,1,0,2,1,2,1,0,kmeans,kmeans_k3,0,1.0
6142,0,1,0,2,1,2,1,0,kmeans,kmeans_k3,0,1.0
4107,1,0,2,0,1,1,2,1,kmeans,kmeans_k3,1,1.0
7274,0,1,0,2,1,2,1,0,kmeans,kmeans_k3,0,1.0
9336,1,0,2,0,1,1,2,1,kmeans,kmeans_k3,1,1.0
2958,2,3,1,1,2,0,0,3,kmeans,kmeans_k3,2,1.0
933,2,2,3,3,2,0,0,2,kmeans,kmeans_k3,2,1.0
5837,1,0,2,4,1,1,2,1,kmeans,kmeans_k3,1,1.0
10704,1,0,2,0,1,1,3,1,kmeans,kmeans_k3,1,1.0
5125,0,1,0,2,1,2,1,0,kmeans,kmeans_k3,0,1.0
4432,2,3,1,1,2,0,0,3,kmeans,kmeans_k3,2,1.0
5955,0,1,0,2,1,2,1,0,kmeans,kmeans_k3,0,1.0
2928,1,0,2,0,1,2,2,5,kmeans,kmeans_k3,1,1.0
5680,2,3,1,1,2,0,0,3,kmeans,kmeans_k3,2,1.0
10313,1,0,2,4,2,1,2,1,kmeans,kmeans_k3,1,1.0
2557,2,3,1,1,2,0,0,3,kmeans,kmeans_k3,2,1.0
1245,1,0,2,0,1,2,2,5,kmeans,kmeans_k3,1,1.0
1519,1,2,3,4,2,0,0,3,kmeans,kmeans_k3,1,1.0
10703,1,0,2,4,2,0,2,3,kmeans,kmeans_k3,1,1.0
1726,2,3,1,1,2,0,0,3,kmeans,kmeans_k3,2,1.0
4459,2,3,1,1,2,0,0,3,kmeans,kmeans_k3,2,1.0
1729,1,0,2,0,1,2,2,5,kmeans,kmeans_k3,1,1.0
1517,2,3,1,1,2,0,0,3,kmeans,kmeans_k3,2,1.0
2098,2,2,3,3,2,0,0,2,kmeans,kmeans_k3,2,1.0
9543,2,3,1,1,2,0,0,2,kmeans,kmeans_k3,2,1.0
6878,2,3,1,1,2,1,3,5,kmeans,kmeans_k3,2,1.0
3310,1,2,3,4,2,1,2,1,kmeans,kmeans_k3,1,1.0
2724,2,2,3,3,2,0,0,4,kmeans,kmeans_k3,2,1.0
948,2,3,1,1,2,0,0,3,kmeans,kmeans_k3,2,1.0
6720,1,0,2,0,1,1,2,1,kmeans,kmeans_k3,1,1.0
6202,0,1,0,2,1,2,3,1,kmeans,kmeans_k3,0,1.0
2066,1,0,2,0,2,1,0,3,kmeans,kmeans_k3,1,1.0
9799,1,0,2,0,1,2,2,5,kmeans,kmeans_k3,1,1.0
8318,0,1,0,2,1,2,1,5,kmeans,kmeans_k3,0,1.0
5642,1,0,2,0,2,1,3,1,kmeans,kmeans_k3,1,1.0
2669,0,1,0,2,1,2,1,0,kmeans,kmeans_k3,0,1.0
455,1,0,2,4,2,1,2,1,kmeans,kmeans_k3,1,1.0
7683,1,0,2,0,1,1,3,1,kmeans,kmeans_k3,1,1.0
3428,0,1,0,2,1,2,1,0,kmeans,kmeans_k3,0,1.0
7414,1,0,2,4,2,1,2,1,kmeans,kmeans_k3,1,1.0
6354,2,3,1,1,2,0,0,3,kmeans,kmeans_k3,2,1.0
798,2,3,1,1,2,0,0,3,kmeans,kmeans_k3,2,1.0
8213,2,3,1,1,2,0,0,3,kmeans,kmeans_k3,2,1.0
2488,2,2,3,3,2,0,0,3,kmeans,kmeans_k3,2,1.0
9999,0,0,2,0,1,2,1,0,kmeans,kmeans_k3,0,1.0
7617,1,2,3,3,2,1,2,1,kmeans,kmeans_k3,1,1.0
615,2,3,1,4,2,1,3,1,kmeans,kmeans_k3,2,1.0
2552,1,0,2,0,1,1,2,1,kmeans,kmeans_k3,1,1.0
194,2,2,3,3,2,0,0,3,kmeans,kmeans_k3,2,1.0
3645,2,3,1,1,2,0,0,3,kmeans,kmeans_k3,2,1.0
8890,1,0,2,0,1,1,2,1,kmeans,kmeans_k3,1,1.0
5049,2,2,3,4,2,0,0,3,kmeans,kmeans_k3,2,1.0
9973,1,0,2,0,1,1,2,1,kmeans,kmeans_k3,1,1.0
7301,2,3,1,1,2,0,0,3,kmeans,kmeans_k3,2,1.0
10882,0,1,0,2,1,2,3,5,kmeans,kmeans_k3,0,1.0
7030,1,0,2,0,1,2,2,1,kmeans,kmeans_k3,1,1.0
7422,2,3,1,1,1,1,3,5,kmeans,kmeans_k3,2,1.0
3523,0,1,0,2,1,2,3,5,kmeans,kmeans_k3,0,1.0
7106,0,1,0,2,1,2,1,0,kmeans,kmeans_k3,0,1.0
6504,2,3,1,1,2,0,0,3,kmeans,kmeans_k3,2,1.0
5067,0,1,0,2,1,2,1,5,kmeans,kmeans_k3,0,1.0
4216,0,1,0,2,1,2,1,0,kmeans,kmeans_k3,0,1.0
8581,1,0,2,0,1,1,2,1,kmeans,kmeans_k3,1,1.0
5929,2,2,3,3,2,0,0,3,kmeans,kmeans_k3,2,1.0
3129,2,3,1,1,2,0,0,3,kmeans,kmeans_k3,2,1.0
6528,2,3,1,1,2,0,0,2,kmeans,kmeans_k3,2,1.0
1361,0,1,0,2,1,2,1,0,kmeans,kmeans_k3,0,1.0
6932,0,1,0,2,1,2,1,5,kmeans,kmeans_k3,0,1.0
7284,2,2,3,3,2,0,0,2,kmeans,kmeans_k3,2,1.0
1340,0,1,0,2,1,2,1,0,kmeans,kmeans_k3,0,1.0
8746,0,1,0,2,1,2,2,5,kmeans,kmeans_k3,0,1.0
5987,2,3,1,1,2,0,0,3,kmeans,kmeans_k3,2,1.0
3767,0,1,0,2,1,1,3,5,kmeans,kmeans_k3,0,1.0
3725,0,1,0,2,1,2,1,5,kmeans,kmeans_k3,0,1.0
4324,1,0,2,4,1,1,2,1,kmeans,kmeans_k3,1,1.0
238,1,0,2,0,1,1,3,1,kmeans,kmeans_k3,1,1.0
6694,0,1,0,2,1,1,3,1,kmeans,kmeans_k3,0,1.0
498,2,2,3,3,2,0,0,3,kmeans,kmeans_k3,2,1.0
9347,1,2,3,3,2,0,0,3,kmeans,kmeans_k3,1,1.0
9699,0,0,2,2,1,1,2,1,kmeans,kmeans_k3,0,1.0
10664,1,0,2,0,1,1,2,1,kmeans,kmeans_k3,1,1.0
5455,1,2,3,3,2,1,2,1,kmeans,kmeans_k3,1,1.0
456,2,3,1,1,2,0,0,3,kmeans,kmeans_k3,2,1.0
5012,2,3,1,1,2,0,0,3,kmeans,kmeans_k3,2,1.0
7495,1,2,3,3,2,1,3,3,kmeans,kmeans_k3,1,1.0
5029,2,3,1,1,2,0,0,2,kmeans,kmeans_k3,2,1.0
10642,2,3,1,1,2,0,0,3,kmeans,kmeans_k3,2,1.0
2106,2,3,1,1,2,0,0,3,kmeans,kmeans_k3,2,1.0
10364,2,3,1,1,0,3,4,2,kmeans,kmeans_k3,2,1.0
5954,1,0,2,4,2,1,3,1,kmeans,kmeans_k3,1,1.0
1137,0,1,0,2,1,2,1,0,kmeans,kmeans_k3,0,1.0
2541,2,3,1,1,2,0,0,3,kmeans,kmeans_k3,2,1.0
1142,0,1,0,2,1,1,3,5,kmeans,kmeans_k3,0,1.0
2276,0,1,0,2,1,1,3,1,kmeans,kmeans_k3,0,1.0
2807,1,0,2,0,1,2,3,1,kmeans,kmeans_k3,1,1.0
6471,2,2,3,3,2,0,0,3,kmeans,kmeans_k3,2,1.0
6131,0,1,0,2,1,1,3,5,kmeans,kmeans_k3,0,1.0
6233,1,0,2,0,1,2,3,1,kmeans,kmeans_k3,1,1.0
4148,1,0,2,4,1,1,3,1,kmeans,kmeans_k3,1,1.0
4947,0,1,0,2,1,2,1,0,kmeans,kmeans_k3,0,1.0
3225,1,0,2,4,2,1,3,1,kmeans,kmeans_k3,1,1.0
7540,0,1,0,3,1,1,3,1,kmeans,kmeans_k3,0,1.0
10648,0,1,0,2,1,2,1,0,kmeans,kmeans_k3,0,1.0
1992,1,0,2,0,1,2,2,5,kmeans,kmeans_k3,1,1.0
7851,0,1,0,2,1,2,1,0,kmeans,kmeans_k3,0,1.0
8594,1,0,2,0,2,1,2,1,kmeans,kmeans_k3,1,1.0
7059,0,1,0,2,1,2,1,0,kmeans,kmeans_k3,0,1.0
2815,2,3,1,4,2,0,0,3,kmeans,kmeans_k3,2,1.0
2416,0,1,0,2,1,2,1,0,kmeans,kmeans_k3,0,1.0
7999,0,1,0,2,1,2,1,0,kmeans,kmeans_k3,0,1.0
9213,2,2,3,1,2,0,0,2,kmeans,kmeans_k3,2,1.0
9697,1,0,2,0,1,1,3,1,kmeans,kmeans_k3,1,1.0
3916,1,0,2,0,1,1,2,1,kmeans,kmeans_k3,1,1.0
2021,0,1,0,2,1,2,3,5,kmeans,kmeans_k3,0,1.0
1581,2,2,3,1,2,0,0,2,kmeans,kmeans_k3,2,1.0
564,1,0,2,0,1,1,2,1,kmeans,kmeans_k3,1,1.0
6619,2,2,3,3,2,0,0,3,kmeans,kmeans_k3,2,1.0
9081,2,3,1,1,2,0,0,3,kmeans,kmeans_k3,2,1.0
178,1,0,2,0,1,1,3,5,kmeans,kmeans_k3,1,1.0
916,2,2,3,3,2,0,0,3,kmeans,kmeans_k3,2,1.0
5512,1,0,2,0,1,1,2,1,kmeans,kmeans_k3,1,1.0
8970,1,0,2,0,1,1,2,1,kmeans,kmeans_k3,1,1.0
10581,1,0,2,4,1,1,2,1,kmeans,kmeans_k3,1,1.0
5300,2,3,3,4,2,0,0,3,kmeans,kmeans_k3,2,1.0
5154,2,2,3,3,2,0,0,3,kmeans,kmeans_k3,2,1.0
8346,1,0,2,4,2,1,3,1,kmeans,kmeans_k3,1,1.0
1676,1,0,2,0,1,1,2,1,kmeans,kmeans_k3,1,1.0
9286,0,1,0,2,1,2,1,0,kmeans,kmeans_k3,0,1.0
2426,0,1,0,2,1,2,1,0,kmeans,kmeans_k3,0,1.0
5172,1,0,2,0,1,2,2,5,kmeans,kmeans_k3,1,1.0
5562,1,0,2,0,1,1,2,1,kmeans,kmeans_k3,1,1.0
3436,2,2,3,3,2,0,0,3,kmeans,kmeans_k3,2,1.0
3921,2,3,1,4,2,1,3,3,kmeans,kmeans_k3,2,1.0
3403,0,1,0,2,1,2,2,5,kmeans,kmeans_k3,0,1.0
22,1,0,2,4,1,1,2,1,kmeans,kmeans_k3,1,1.0
10965,0,1,0,2,1,2,1,5,kmeans,kmeans_k3,0,1.0
9426,1,0,2,0,1,2,2,5,kmeans,kmeans_k3,1,1.0
6605,1,0,2,0,1,1,1,1,kmeans,kmeans_k3,1,1.0
3136,0,0,2,2,1,1,2,1,kmeans,kmeans_k3,0,1.0
8737,1,2,3,3,2,0,0,3,kmeans,kmeans_k3,1,1.0
11088,0,0,2,0,1,2,2,5,kmeans,kmeans_k3,0,1.0
716,0,1,0,2,1,2,3,1,kmeans,kmeans_k3,0,1.0
466,0,1,0,2,1,2,1,0,kmeans,kmeans_k3,0,1.0
9135,2,2,3,4,2,0,0,3,kmeans,kmeans_k3,2,1.0
10623,1,2,3,3,2,0,0,4,kmeans,kmeans_k3,1,1.0
8151,2,3,1,1,2,3,3,3,kmeans,kmeans_k3,2,1.0
5140,1,0,2,0,1,2,2,5,kmeans,kmeans_k3,1,1.0
10160,1,2,3,3,2,0,0,3,kmeans,kmeans_k3,1,1.0
4945,1,0,2,0,1,1,1,1,kmeans,kmeans_k3,1,1.0
10584,0,1,0,2,1,1,3,5,kmeans,kmeans_k3,0,1.0
6071,0,1,0,2,1,2,1,0,kmeans,kmeans_k3,0,1.0
3386,2,2,3,4,2,1,2,1,kmeans,kmeans_k3,2,1.0
8939,1,0,2,0,1,1,3,5,kmeans,kmeans_k3,1,1.0
9925,1,0,2,4,2,1,2,1,kmeans,kmeans_k3,1,1.0
4320,0,1,0,2,1,1,3,1,kmeans,kmeans_k3,0,1.0
5389,1,0,2,0,1,1,2,1,kmeans,kmeans_k3,1,1.0
6036,0,1,0,2,1,2,1,0,kmeans,kmeans_k3,0,1.0
182,1,0,2,0,1,1,2,1,kmeans,kmeans_k3,1,1.0
203,0,1,0,2,1,2,1,0,kmeans,kmeans_k3,0,1.0
11025,1,2,3,4,2,1,2,1,kmeans,kmeans_k3,1,1.0
10203,2,3,1,1,2,0,0,3,kmeans,kmeans_k3,2,1.0
4607,0,1,0,2,1,2,1,0,kmeans,kmeans_k3,0,1.0
3711,0,1,0,2,1,2,1,0,kmeans,kmeans_k3,0,1.0
3696,2,2,3,3,2,0,0,3,kmeans,kmeans_k3,2,1.0
2532,0,1,0,2,1,2,1,5,kmeans,kmeans_k3,0,1.0
9214,1,0,2,4,1,1,3,1,kmeans,kmeans_k3,1,1.0
4943,0,0,2,0,1,2,1,5,kmeans,kmeans_k3,0,1.0
35,2,3,1,4,2,1,0,3,kmeans,kmeans_k3,2,1.0
2258,2,3,1,1,2,0,0,3,kmeans,kmeans_k3,2,1.0
4322,0,1,0,2,1,2,1,0,kmeans,kmeans_k3,0,1.0
713,0,1,0,2,1,1,1,1,kmeans,kmeans_k3,0,1.0
4702,0,1,0,2,1,2,1,0,kmeans,kmeans_k3,0,1.0
3281,1,0,2,0,1,1,3,1,kmeans,kmeans_k3,1,1.0
702,0,3,1,4,1,1,3,5,kmeans,kmeans_k3,0,1.0
2004,0,1,0,2,1,2,3,5,kmeans,kmeans_k3,0,1.0
4769,1,0,2,0,1,1,2,1,kmeans,kmeans_k3,1,1.0
4437,1,0,2,4,2,1,2,1,kmeans,kmeans_k3,1,1.0
8724,2,2,3,4,2,0,0,3,kmeans,kmeans_k3,2,1.0
10741,1,0,2,0,1,1,3,1,kmeans,kmeans_k3,1,1.0
1991,1,2,3,3,2,1,2,4,kmeans,kmeans_k3,1,1.0
6931,0,1,0,2,1,2,1,0,kmeans,kmeans_k3,0,1.0
11096,0,1,0,2,2,1,3,3,kmeans,kmeans_k3,0,1.0
304,2,3,1,4,2,0,0,3,kmeans,kmeans_k3,2,1.0
3665,2,3,1,1,2,0,0,3,kmeans,kmeans_k3,2,1.0
10591,1,0,2,4,2,1,3,1,kmeans,kmeans_k3,1,1.0
5036,1,0,2,0,1,1,2,1,kmeans,kmeans_k3,1,1.0
5547,0,1,0,2,1,2,1,0,kmeans,kmeans_k3,0,1.0
7822,0,1,0,2,1,1,3,5,kmeans,kmeans_k3,0,1.0
8541,2,3,1,1,2,0,0,3,kmeans,kmeans_k3,2,1.0
10955,0,1,0,2,1,2,1,0,kmeans,kmeans_k3,0,1.0
4368,2,2,3,4,2,1,0,3,kmeans,kmeans_k3,2,1.0
9671,2,2,3,4,2,0,0,3,kmeans,kmeans_k3,2,1.0
2256,1,2,3,3,2,0,0,4,kmeans,kmeans_k3,1,1.0
4279,2,2,3,3,2,0,0,3,kmeans,kmeans_k3,2,1.0
5371,2,3,1,1,2,0,0,3,kmeans,kmeans_k3,2,1.0
9240,1,0,2,0,1,1,2,1,kmeans,kmeans_k3,1,1.0
9460,2,3,1,4,2,1,0,3,kmeans,kmeans_k3,2,1.0
9504,0,1,0,2,1,2,1,0,kmeans,kmeans_k3,0,1.0
8692,1,0,2,4,2,1,3,1,kmeans,kmeans_k3,1,1.0
448,0,0,2,4,1,1,3,5,kmeans,kmeans_k3,0,1.0
8314,0,1,0,2,1,2,1,0,kmeans,kmeans_k3,0,1.0
8420,2,3,1,1,2,0,0,3,kmeans,kmeans_k3,2,1.0
3174,0,0,2,0,1,2,2,5,kmeans,kmeans_k3,0,1.0
7685,2,3,1,1,2,0,0,3,kmeans,kmeans_k3,2,1.0
3179,0,1,0,2,1,2,1,5,kmeans,kmeans_k3,0,1.0
9780,1,0,2,0,1,2,3,5,kmeans,kmeans_k3,1,1.0
10681,0,1,0,2,1,1,3,5,kmeans,kmeans_k3,0,1.0
10232,1,0,2,0,1,1,3,1,kmeans,kmeans_k3,1,1.0
4184,1,0,2,0,1,1,2,1,kmeans,kmeans_k3,1,1.0
9120,1,0,2,0,1,2,2,5,kmeans,kmeans_k3,1,1.0
891,2,2,3,3,2,0,0,2,kmeans,kmeans_k3,2,1.0
10381,2,2,3,3,2,0,0,2,kmeans,kmeans_k3,2,1.0
3525,1,2,3,3,2,0,0,2,kmeans,kmeans_k3,1,1.0
6818,1,0,2,4,1,1,3,1,kmeans,kmeans_k3,1,1.0
3526,1,2,3,3,2,0,0,4,kmeans,kmeans_k3,1,1.0
8181,2,3,1,4,2,1,3,3,kmeans,kmeans_k3,2,1.0
1029,1,0,2,0,1,1,2,1,kmeans,kmeans_k3,1,1.0
7369,2,2,3,3,2,0,0,3,kmeans,kmeans_k3,2,1.0
2574,1,0,2,0,1,2,2,5,kmeans,kmeans_k3,1,1.0
8159,1,0,2,0,2,1,2,1,kmeans,kmeans_k3,1,1.0
1160,2,3,1,1,2,0,0,3,kmeans,kmeans_k3,2,1.0
10242,1,2,3,3,2,0,0,4,kmeans,kmeans_k3,1,1.0
5253,1,0,2,0,2,1,3,1,kmeans,kmeans_k3,1,1.0
5966,1,0,2,0,2,1,2,1,kmeans,kmeans_k3,1,1.0
5314,1,0,2,0,1,1,3,1,kmeans,kmeans_k3,1,1.0
5081,2,2,3,3,2,0,0,3,kmeans,kmeans_k3,2,1.0
5123,2,3,1,1,2,1,0,3,kmeans,kmeans_k3,2,1.0
5756,1,2,3,3,2,0,0,4,kmeans,kmeans_k3,1,1.0
8036,2,2,3,3,2,0,0,3,kmeans,kmeans_k3,2,1.0
9058,0,1,0,2,1,2,1,0,kmeans,kmeans_k3,0,1.0
5057,0,1,0,2,1,1,3,1,kmeans,kmeans_k3,0,1.0
254,1,0,2,0,1,1,2,1,kmeans,kmeans_k3,1,1.0
4179,2,3,1,1,2,0,0,3,kmeans,kmeans_k3,2,1.0
3710,2,2,3,4,2,0,0,3,kmeans,kmeans_k3,2,1.0
7627,0,1,0,2,1,2,1,5,kmeans,kmeans_k3,0,1.0
4501,0,1,0,2,1,2,1,0,kmeans,kmeans_k3,0,1.0
6424,2,3,1,1,2,0,0,3,kmeans,kmeans_k3,2,1.0
3075,0,1,0,2,1,2,1,5,kmeans,kmeans_k3,0,1.0
4992,2,3,1,1,2,0,0,3,kmeans,kmeans_k3,2,1.0
5252,2,3,1,1,2,0,0,3,kmeans,kmeans_k3,2,1.0
7444,1,2,3,3,2,0,0,4,kmeans,kmeans_k3,1,1.0
6919,2,3,1,1,2,0,0,3,kmeans,kmeans_k3,2,1.0
3537,2,2,3,4,2,0,0,3,kmeans,kmeans_k3,2,1.0
10277,1,2,3,3,2,0,0,4,kmeans,kmeans_k3,1,1.0
2453,1,0,2,0,1,1,2,1,kmeans,kmeans_k3,1,1.0
7972,0,1,0,2,1,2,1,0,kmeans,kmeans_k3,0,1.0
895,1,0,2,0,1,1,2,1,kmeans,kmeans_k3,1,1.0
1177,1,0,2,4,2,1,2,1,kmeans,kmeans_k3,1,1.0
7141,1,0,2,4,2,1,0,1,kmeans,kmeans_k3,1,1.0
7232,1,2,3,3,2,0,0,3,kmeans,kmeans_k3,1,1.0
8477,2,2,3,3,2,0,0,3,kmeans,kmeans_k3,2,1.0
2457,2,3,1,1,2,0,0,3,kmeans,kmeans_k3,2,1.0
988,0,1,0,2,1,2,1,0,kmeans,kmeans_k3,0,1.0
7930,2,3,3,4,2,1,3,1,kmeans,kmeans_k3,2,1.0
4587,1,0,2,0,1,1,3,1,kmeans,kmeans_k3,1,1.0
6682,2,3,1,1,2,0,0,3,kmeans,kmeans_k3,2,1.0
6222,1,2,3,3,2,0,0,3,kmeans,kmeans_k3,1,1.0
10299,0,1,0,2,1,1,1,1,kmeans,kmeans_k3,0,1.0
3083,1,0,2,4,1,1,2,1,kmeans,kmeans_k3,1,1.0
8953,1,2,3,3,2,0,0,4,kmeans,kmeans_k3,1,1.0
1503,1,2,3,3,0,3,4,4,kmeans,kmeans_k3,1,1.0
8650,2,3,1,1,2,0,0,3,kmeans,kmeans_k3,2,1.0
10862,1,2,0,3,1,1,3,1,kmeans,kmeans_k3,1,1.0
2782,1,0,2,0,1,1,2,1,kmeans,kmeans_k3,1,1.0
6941,2,3,1,1,2,0,0,3,kmeans,kmeans_k3,2,1.0
10972,0,1,0,2,1,2,1,0,kmeans,kmeans_k3,0,1.0
10708,2,3,3,1,2,0,0,3,kmeans,kmeans_k3,2,1.0
6583,0,1,0,2,1,2,1,0,kmeans,kmeans_k3,0,1.0
3641,2,2,3,3,2,0,0,3,kmeans,kmeans_k3,2,1.0
10156,0,1,0,2,1,2,3,5,kmeans,kmeans_k3,0,1.0
4299,0,0,2,0,1,2,3,5,kmeans,kmeans_k3,0,1.0
3469,2,3,1,4,2,0,0,3,kmeans,kmeans_k3,2,1.0
5063,2,2,3,4,2,1,3,1,kmeans,kmeans_k3,2,1.0
10727,1,0,2,0,1,2,3,5,kmeans,kmeans_k3,1,1.0
9624,0,1,0,2,1,2,1,0,kmeans,kmeans_k3,0,1.0
5156,0,1,0,2,1,1,3,5,kmeans,kmeans_k3,0,1.0
4376,2,3,1,1,2,0,0,3,kmeans,kmeans_k3,2,1.0
8923,0,1,0,2,1,2,1,0,kmeans,kmeans_k3,0,1.0
8461,1,2,3,3,2,0,0,2,kmeans,kmeans_k3,1,1.0
6945,0,1,0,2,1,2,1,0,kmeans,kmeans_k3,0,1.0
944,0,3,1,4,2,1,3,5,kmeans,kmeans_k3,0,1.0
1907,1,0,2,0,1,2,3,5,kmeans,kmeans_k3,1,1.0
701,0,1,0,2,1,2,3,5,kmeans,kmeans_k3,0,1.0
3856,0,1,0,2,1,2,3,1,kmeans,kmeans_k3,0,1.0
4149,0,1,0,2,1,2,1,0,kmeans,kmeans_k3,0,1.0
2131,1,0,2,0,1,2,3,5,kmeans,kmeans_k3,1,1.0
2942,1,0,2,0,1,1,2,1,kmeans,kmeans_k3,1,1.0
1173,0,1,0,2,1,2,1,0,kmeans,kmeans_k3,0,1.0
4381,1,2,2,3,2,1,2,1,kmeans,kmeans_k3,1,1.0
4611,0,1,0,2,1,2,1,5,kmeans,kmeans_k3,0,1.0
3376,1,2,3,3,2,1,2,1,kmeans,kmeans_k3,1,1.0
4679,0,0,2,0,1,1,3,1,kmeans,kmeans_k3,0,1.0
10928,1,0,2,0,1,1,3,1,kmeans,kmeans_k3,1,1.0
4248,0,1,0,2,1,2,1,5,kmeans,kmeans_k3,0,1.0
6728,2,2,3,3,2,0,0,3,kmeans,kmeans_k3,2,1.0
6661,1,0,2,0,1,2,3,1,kmeans,kmeans_k3,1,1.0
4725,1,2,3,3,2,0,0,3,kmeans,kmeans_k3,1,1.0
3277,1,0,2,0,1,1,3,1,kmeans,kmeans_k3,1,1.0
5555,2,3,1,1,0,3,4,2,kmeans,kmeans_k3,2,1.0
2564,1,0,2,0,2,1,2,1,kmeans,kmeans_k3,1,1.0
946,2,3,1,1,2,1,3,3,kmeans,kmeans_k3,2,1.0
3867,0,1,0,2,1,1,3,5,kmeans,kmeans_k3,0,1.0
6940,1,0,2,4,2,1,2,1,kmeans,kmeans_k3,1,1.0
55,1,0,2,0,1,1,2,1,kmeans,kmeans_k3,1,1.0
7093,2,3,1,1,2,0,0,2,kmeans,kmeans_k3,2,1.0
5084,0,1,0,2,1,1,3,1,kmeans,kmeans_k3,0,1.0
1777,2,3,1,1,2,0,0,3,kmeans,kmeans_k3,2,1.0
8162,2,3,1,1,2,0,0,3,kmeans,kmeans_k3,2,1.0
10826,2,3,1,1,2,0,0,3,kmeans,kmeans_k3,2,1.0
8754,1,2,3,3,2,0,0,2,kmeans,kmeans_k3,1,1.0
1987,2,3,1,1,2,0,0,3,kmeans,kmeans_k3,2,1.0
11007,1,2,3,3,2,0,0,4,kmeans,kmeans_k3,1,1.0
7426,1,2,3,3,2,1,3,1,kmeans,kmeans_k3,1,1.0
9153,0,1,0,2,1,2,3,1,kmeans,kmeans_k3,0,1.0
10379,1,0,2,0,1,1,2,1,kmeans,kmeans_k3,1,1.0
9204,0,1,0,2,1,2,3,5,kmeans,kmeans_k3,0,1.0
3197,0,1,0,2,1,1,3,5,kmeans,kmeans_k3,0,1.0
2920,1,0,2,0,1,2,2,5,kmeans,kmeans_k3,1,1.0
6961,2,3,1,1,2,0,0,2,kmeans,kmeans_k3,2,1.0
4673,1,0,2,0,1,2,3,5,kmeans,kmeans_k3,1,1.0
9937,0,1,0,2,1,2,1,0,kmeans,kmeans_k3,0,1.0
8779,1,2,3,4,2,1,3,1,kmeans,kmeans_k3,1,1.0
9596,0,1,0,2,1,1,1,0,kmeans,kmeans_k3,0,1.0
2891,1,0,2,0,1,1,2,1,kmeans,kmeans_k3,1,1.0
4910,0,0,2,0,1,2,1,0,kmeans,kmeans_k3,0,1.0
75,2,3,1,4,2,1,3,5,kmeans,kmeans_k3,2,1.0
10120,1,2,3,3,2,1,2,1,kmeans,kmeans_k3,1,1.0
6327,0,1,0,2,1,2,1,0,kmeans,kmeans_k3,0,1.0
10142,1,0,2,0,1,1,3,1,kmeans,kmeans_k3,1,1.0
9826,0,1,0,2,1,2,1,0,kmeans,kmeans_k3,0,1.0
1501,0,1,0,2,0,3,3,5,kmeans,kmeans_k3,0,1.0
10767,0,1,0,2,1,2,1,0,kmeans,kmeans_k3,0,1.0
7279,0,1,0,2,1,2,1,0,kmeans,kmeans_k3,0,1.0
7230,1,0,2,0,1,1,2,1,kmeans,kmeans_k3,1,1.0
143,0,1,0,2,1,2,1,5,kmeans,kmeans_k3,0,1.0
450,0,1,0,2,2,1,3,1,kmeans,kmeans_k3,0,1.0
9316,2,3,1,1,2,0,0,3,kmeans,kmeans_k3,2,1.0
6379,1,0,2,0,2,1,2,1,kmeans,kmeans_k3,1,1.0
9239,1,2,2,3,2,1,2,1,kmeans,kmeans_k3,1,1.0
8315,2,3,3,1,2,0,0,2,kmeans,kmeans_k3,2,1.0
2868,2,2,3,3,2,0,0,3,kmeans,kmeans_k3,2,1.0
10888,0,0,2,2,1,1,1,5,kmeans,kmeans_k3,0,1.0
1277,0,1,0,2,1,2,1,0,kmeans,kmeans_k3,0,1.0
9977,0,0,2,4,1,2,3,5,kmeans,kmeans_k3,0,1.0
10196,0,0,2,4,1,1,3,5,kmeans,kmeans_k3,0,1.0
6384,1,0,2,0,1,2,2,5,kmeans,kmeans_k3,1,1.0
8029,0,1,0,2,1,2,1,0,kmeans,kmeans_k3,0,1.0
968,1,0,2,4,2,1,3,1,kmeans,kmeans_k3,1,1.0
6988,0,1,0,2,1,2,3,5,kmeans,kmeans_k3,0,1.0
4472,2,2,3,3,2,0,0,3,kmeans,kmeans_k3,2,1.0
6991,1,0,2,0,1,1,2,1,kmeans,kmeans_k3,1,1.0
3336,1,0,2,0,1,2,2,5,kmeans,kmeans_k3,1,1.0
4301,2,2,3,4,2,0,0,3,kmeans,kmeans_k3,2,1.0
1940,2,3,1,1,2,0,0,2,kmeans,kmeans_k3,2,1.0
1272,1,0,2,0,1,1,3,1,kmeans,kmeans_k3,1,1.0
1388,2,3,1,1,2,0,0,3,kmeans,kmeans_k3,2,1.0
1044,0,1,0,2,1,1,3,1,kmeans,kmeans_k3,0,1.0
6969,1,0,2,4,2,1,3,1,kmeans,kmeans_k3,1,1.0
10479,0,1,0,2,1,2,1,5,kmeans,kmeans_k3,0,1.0
3619,0,1,0,2,1,2,1,0,kmeans,kmeans_k3,0,1.0
1715,2,3,1,1,2,0,0,3,kmeans,kmeans_k3,2,1.0
10159,0,0,2,4,1,1,3,5,kmeans,kmeans_k3,0,1.0
1463,2,2,3,3,2,0,0,2,kmeans,kmeans_k3,2,1.0
5114,1,0,2,0,1,2,3,5,kmeans,kmeans_k3,1,1.0
4990,1,0,2,0,1,1,1,1,kmeans,kmeans_k3,1,1.0
4329,2,2,3,3,2,0,0,3,kmeans,kmeans_k3,2,1.0
10936,0,1,0,2,1,2,1,0,kmeans,kmeans_k3,0,1.0
4692,2,3,1,1,2,0,0,3,kmeans,kmeans_k3,2,1.0
7212,1,2,3,3,2,0,0,4,kmeans,kmeans_k3,1,1.0
6086,0,1,0,2,1,2,1,0,kmeans,kmeans_k3,0,1.0
437,0,1,0,2,1,2,1,0,kmeans,kmeans_k3,0,1.0
11171,1,0,2,0,1,1,2,1,kmeans,kmeans_k3,1,1.0
11101,0,0,2,0,1,2,1,0,kmeans,kmeans_k3,0,1.0
5329,2,2,3,3,2,0,0,2,kmeans,kmeans_k3,2,1.0
610,1,0,2,0,1,1,2,1,kmeans,kmeans_k3,1,1.0
9384,1,0,2,0,1,1,3,1,kmeans,kmeans_k3,1,1.0
5956,1,0,2,4,1,1,2,1,kmeans,kmeans_k3,1,1.0
10430,1,0,2,0,1,2,2,5,kmeans,kmeans_k3,1,1.0
7875,0,1,0,2,1,2,1,0,kmeans,kmeans_k3,0,1.0
7072,0,1,0,2,1,2,3,5,kmeans,kmeans_k3,0,1.0
6255,0,1,0,2,1,1,3,5,kmeans,kmeans_k3,0,1.0
6516,2,3,1,1,2,0,0,2,kmeans,kmeans_k3,2,1.0
5564,0,1,0,2,1,2,3,5,kmeans,kmeans_k3,0,1.0
5682,1,0,2,0,1,2,2,1,kmeans,kmeans_k3,1,1.0
7458,1,2,3,4,2,0,0,3,kmeans,kmeans_k3,1,1.0
5237,1,2,3,3,2,0,0,3,kmeans,kmeans_k3,1,1.0
7761,2,3,1,1,2,0,0,3,kmeans,kmeans_k3,2,1.0
5278,0,1,0,2,1,2,1,0,kmeans,kmeans_k3,0,1.0
3560,0,1,0,2,1,2,1,0,kmeans,kmeans_k3,0,1.0
7235,2,3,1,1,2,0,0,3,kmeans,kmeans_k3,2,1.0
10548,0,1,0,2,1,2,1,0,kmeans,kmeans_k3,0,1.0
2281,2,3,1,1,2,0,0,2,kmeans,kmeans_k3,2,1.0
4073,0,1,0,0,1,2,1,0,kmeans,kmeans_k3,0,1.0
6974,0,1,0,2,1,2,1,0,kmeans,kmeans_k3,0,1.0
7938,1,0,2,0,1,1,2,1,kmeans,kmeans_k3,1,1.0
7094,0,1,0,2,1,1,3,1,kmeans,kmeans_k3,0,1.0
3667,0,1,0,2,1,2,1,0,kmeans,kmeans_k3,0,1.0
7723,0,1,0,2,1,2,1,0,kmeans,kmeans_k3,0,1.0
3870,0,1,0,2,1,1,1,0,kmeans,kmeans_k3,0,1.0
4012,1,0,2,0,1,2,3,5,kmeans,kmeans_k3,1,1.0
5909,1,0,2,0,1,2,2,5,kmeans,kmeans_k3,1,1.0
10470,2,2,3,4,2,0,0,3,kmeans,kmeans_k3,2,1.0
6488,1,0,2,0,2,0,2,4,kmeans,kmeans_k3,1,1.0
10270,2,3,1,1,2,0,0,3,kmeans,kmeans_k3,2,1.0
6887,1,0,2,4,1,1,3,1,kmeans,kmeans_k3,1,1.0
6406,0,1,0,2,1,2,1,0,kmeans,kmeans_k3,0,1.0
7573,2,2,3,4,2,0,0,3,kmeans,kmeans_k3,2,1.0
4508,0,1,0,2,1,2,1,0,kmeans,kmeans_k3,0,1.0
221,1,0,2,0,2,1,2,1,kmeans,kmeans_k3,1,1.0
5331,0,1,0,2,1,2,1,0,kmeans,kmeans_k3,0,1.0
1911,0,1,0,2,1,2,1,0,kmeans,kmeans_k3,0,1.0
20,2,3,1,1,2,1,0,3,kmeans,kmeans_k3,2,1.0
8786,1,0,2,0,1,1,2,1,kmeans,kmeans_k3,1,1.0
10582,0,1,0,2,1,2,3,1,kmeans,kmeans_k3,0,1.0
1915,0,1,0,2,1,2,1,0,kmeans,kmeans_k3,0,1.0
8897,1,0,2,0,1,1,2,1,kmeans,kmeans_k3,1,1.0
2371,2,2,3,3,2,0,0,3,kmeans,kmeans_k3,2,1.0
4303,2,2,3,3,0,3,4,4,kmeans,kmeans_k3,2,1.0
6825,1,2,3,3,2,0,0,2,kmeans,kmeans_k3,1,1.0
1072,1,2,3,3,2,1,2,4,kmeans,kmeans_k3,1,1.0
4964,0,1,0,2,1,2,1,0,kmeans,kmeans_k3,0,1.0
2461,1,2,3,3,2,0,0,3,kmeans,kmeans_k3,1,1.0
10736,0,1,0,2,1,2,3,5,kmeans,kmeans_k3,0,1.0
3194,0,1,0,2,1,2,1,0,kmeans,kmeans_k3,0,1.0
10839,2,3,1,1,2,0,0,3,kmeans,kmeans_k3,2,1.0
49,2,3,1,1,2,0,0,3,kmeans,kmeans_k3,2,1.0
4290,2,3,1,1,2,0,0,2,kmeans,kmeans_k3,2,1.0
10219,2,3,1,1,2,0,0,3,kmeans,kmeans_k3,2,1.0
4211,2,3,1,1,2,0,0,3,kmeans,kmeans_k3,2,1.0
1135,2,2,3,3,2,0,0,3,kmeans,kmeans_k3,2,1.0
6299,0,0,2,0,1,1,3,1,kmeans,kmeans_k3,0,1.0
10846,1,0,2,4,1,1,2,1,kmeans,kmeans_k3,1,1.0
347,1,0,2,4,1,1,3,1,kmeans,kmeans_k3,1,1.0
6543,0,1,0,2,1,2,1,0,kmeans,kmeans_k3,0,1.0
10446,0,1,0,2,1,2,1,0,kmeans,kmeans_k3,0,1.0
3479,2,3,1,1,2,0,0,3,kmeans,kmeans_k3,2,1.0
11075,1,0,2,0,1,1,2,1,kmeans,kmeans_k3,1,1.0
4442,2,3,1,1,2,1,0,1,kmeans,kmeans_k3,2,1.0
199,1,0,2,0,1,1,2,1,kmeans,kmeans_k3,1,1.0
6722,1,0,2,0,1,1,3,1,kmeans,kmeans_k3,1,1.0
796,1,0,2,0,1,1,3,1,kmeans,kmeans_k3,1,1.0
3749,0,1,0,2,1,2,1,0,kmeans,kmeans_k3,0,1.0
8523,2,2,3,4,2,0,0,3,kmeans,kmeans_k3,2,1.0
310,0,1,0,2,1,1,3,1,kmeans,kmeans_k3,0,1.0
8629,2,2,3,3,2,0,0,3,kmeans,kmeans_k3,2,1.0
236,2,3,1,1,2,1,0,3,kmeans,kmeans_k3,2,1.0
9930,0,1,0,2,1,2,1,0,kmeans,kmeans_k3,0,1.0
3483,0,1,0,2,1,2,1,5,kmeans,kmeans_k3,0,1.0
4599,1,0,2,0,1,1,2,1,kmeans,kmeans_k3,1,1.0
7326,1,2,3,3,2,0,0,3,kmeans,kmeans_k3,1,1.0
7352,0,1,0,2,1,1,3,1,kmeans,kmeans_k3,0,1.0
2350,1,0,2,0,1,2,2,5,kmeans,kmeans_k3,1,1.0
9145,0,1,0,2,1,2,3,5,kmeans,kmeans_k3,0,1.0
2964,2,3,1,1,2,0,0,3,kmeans,kmeans_k3,2,1.0
5585,2,2,3,1,2,0,0,3,kmeans,kmeans_k3,2,1.0
9687,0,1,0,2,1,2,1,0,kmeans,kmeans_k3,0,1.0
3732,0,1,0,2,1,1,3,1,kmeans,kmeans_k3,0,1.0
6303,0,1,0,2,1,2,1,5,kmeans,kmeans_k3,0,1.0
11176,1,0,2,0,1,1,2,1,kmeans,kmeans_k3,1,1.0
2986,2,2,3,3,2,0,0,2,kmeans,kmeans_k3,2,1.0
7462,2,3,1,4,2,3,3,5,kmeans,kmeans_k3,2,1.0
3900,1,0,2,0,1,1,2,1,kmeans,kmeans_k3,1,1.0
7034,2,3,1,1,2,0,0,3,kmeans,kmeans_k3,2,1.0
9493,0,1,0,2,1,2,1,0,kmeans,kmeans_k3,0,1.0
1143,2,3,1,1,2,0,0,3,kmeans,kmeans_k3,2,1.0
1,1,0,2,0,1,1,1,1,kmeans,kmeans_k3,1,1.0
3855,2,3,1,4,2,1,0,3,kmeans,kmeans_k3,2,1.0
5536,0,0,2,0,1,2,2,5,kmeans,kmeans_k3,0,1.0
5989,1,0,2,0,1,2,3,5,kmeans,kmeans_k3,1,1.0
9499,1,0,2,0,1,2,2,5,kmeans,kmeans_k3,1,1.0
6768,2,2,3,3,2,0,0,3,kmeans,kmeans_k3,2,1.0
2150,0,1,0,2,1,2,3,5,kmeans,kmeans_k3,0,1.0
6646,2,3,1,1,2,0,0,3,kmeans,kmeans_k3,2,1.0
4887,2,2,3,4,2,0,0,3,kmeans,kmeans_k3,2,1.0
8560,1,0,2,4,1,1,1,1,kmeans,kmeans_k3,1,1.0
3321,1,0,2,0,1,1,2,1,kmeans,kmeans_k3,1,1.0
11003,2,3,1,1,2,0,0,3,kmeans,kmeans_k3,2,1.0
10402,2,2,3,3,2,0,0,3,kmeans,kmeans_k3,2,1.0
9904,0,1,0,2,1,1,3,5,kmeans,kmeans_k3,0,1.0
6141,1,0,2,4,1,1,2,1,kmeans,kmeans_k3,1,1.0
5687,0,1,0,2,1,2,1,0,kmeans,kmeans_k3,0,1.0
10856,1,2,3,3,2,0,0,3,kmeans,kmeans_k3,1,1.0
5121,1,0,2,0,1,1,2,1,kmeans,kmeans_k3,1,1.0
4186,2,3,1,1,2,0,0,3,kmeans,kmeans_k3,2,1.0
368,2,3,1,1,2,1,3,5,kmeans,kmeans_k3,2,1.0
3312,2,3,1,1,2,0,0,3,kmeans,kmeans_k3,2,1.0
11121,2,3,1,1,2,0,0,3,kmeans,kmeans_k3,2,1.0
5332,0,1,0,2,1,2,1,0,kmeans,kmeans_k3,0,1.0
5848,0,1,0,2,1,2,1,0,kmeans,kmeans_k3,0,1.0
10343,0,1,0,2,1,2,1,5,kmeans,kmeans_k3,0,1.0
5935,1,0,2,0,1,1,2,1,kmeans,kmeans_k3,1,1.0
2895,1,0,2,4,2,1,3,1,kmeans,kmeans_k3,1,1.0
10262,2,3,1,1,2,0,0,3,kmeans,kmeans_k3,2,1.0
7848,1,0,2,0,1,1,2,1,kmeans,kmeans_k3,1,1.0
9477,1,0,2,0,1,1,3,1,kmeans,kmeans_k3,1,1.0
4856,0,1,0,2,1,2,1,0,kmeans,kmeans_k3,0,1.0
7186,1,2,3,3,2,0,0,4,kmeans,kmeans_k3,1,1.0
5794,1,0,2,0,1,1,2,1,kmeans,kmeans_k3,1,1.0
1456,0,0,2,4,1,1,3,5,kmeans,kmeans_k3,0,1.0
4877,1,2,3,3,2,0,0,4,kmeans,kmeans_k3,1,1.0
425,1,0,2,0,1,1,3,5,kmeans,kmeans_k3,1,1.0
3007,1,2,3,3,2,0,0,3,kmeans,kmeans_k3,1,1.0
1031,0,1,0,2,1,2,1,0,kmeans,kmeans_k3,0,1.0
4297,2,2,3,3,2,0,0,3,kmeans,kmeans_k3,2,1.0
807,1,0,2,4,1,1,2,1,kmeans,kmeans_k3,1,1.0
9553,2,3,1,1,2,0,0,2,kmeans,kmeans_k3,2,1.0
4271,2,3,1,1,2,1,3,5,kmeans,kmeans_k3,2,1.0
4120,2,3,1,4,1,1,3,1,kmeans,kmeans_k3,2,1.0
2036,1,0,2,0,1,1,2,1,kmeans,kmeans_k3,1,1.0
115,1,0,2,0,1,1,3,1,kmeans,kmeans_k3,1,1.0
4259,2,2,3,3,2,0,0,2,kmeans,kmeans_k3,2,1.0
8687,0,1,0,2,1,1,3,5,kmeans,kmeans_k3,0,1.0
2447,2,3,1,1,2,0,0,3,kmeans,kmeans_k3,2,1.0
10140,0,1,0,2,1,2,1,0,kmeans,kmeans_k3,0,1.0
9353,0,1,0,2,1,2,3,5,kmeans,kmeans_k3,0,1.0
3623,2,3,1,1,2,0,0,3,kmeans,kmeans_k3,2,1.0
738,2,2,3,4,2,1,3,1,kmeans,kmeans_k3,2,1.0
7631,0,1,0,2,1,1,3,1,kmeans,kmeans_k3,0,1.0
4789,0,1,0,2,1,2,1,0,kmeans,kmeans_k3,0,1.0
773,1,0,2,0,1,1,2,1,kmeans,kmeans_k3,1,1.0
10602,2,3,1,4,2,1,0,1,kmeans,kmeans_k3,2,1.0
1446,0,1,0,2,1,2,1,0,kmeans,kmeans_k3,0,1.0
3270,2,3,1,1,2,0,0,3,kmeans,kmeans_k3,2,1.0
8443,2,3,1,1,2,0,0,3,kmeans,kmeans_k3,2,1.0
9653,2,2,3,4,2,0,0,3,kmeans,kmeans_k3,2,1.0
8916,2,2,3,3,2,0,0,2,kmeans,kmeans_k3,2,1.0
8017,2,2,3,3,2,0,0,3,kmeans,kmeans_k3,2,1.0
5830,0,1,0,2,1,2,1,0,kmeans,kmeans_k3,0,1.0
4597,0,1,0,2,1,2,1,0,kmeans,kmeans_k3,0,1.0
7023,1,0,2,0,1,1,2,1,kmeans,kmeans_k3,1,1.0
8086,1,2,3,3,2,0,0,4,kmeans,kmeans_k3,1,1.0
8825,1,0,2,4,1,1,3,1,kmeans,kmeans_k3,1,1.0
2930,0,1,0,2,1,2,1,5,kmeans,kmeans_k3,0,1.0
1928,2,2,3,4,2,0,0,3,kmeans,kmeans_k3,2,1.0
7108,1,0,2,0,1,1,3,1,kmeans,kmeans_k3,1,1.0
10925,0,1,0,2,1,2,1,0,kmeans,kmeans_k3,0,1.0
9960,2,3,1,1,2,0,0,2,kmeans,kmeans_k3,2,1.0
8800,0,1,0,2,1,2,1,5,kmeans,kmeans_k3,0,1.0
9224,1,0,2,0,1,1,2,1,kmeans,kmeans_k3,1,1.0
5519,0,1,0,2,1,1,3,1,kmeans,kmeans_k3,0,1.0
5046,0,1,0,2,1,2,3,5,kmeans,kmeans_k3,0,1.0
7037,1,0,2,4,1,1,3,5,kmeans,kmeans_k3,1,1.0
905,2,3,1,1,2,0,0,3,kmeans,kmeans_k3,2,1.0
8624,0,1,0,2,1,2,1,0,kmeans,kmeans_k3,0,1.0
8945,1,0,2,0,2,1,2,1,kmeans,kmeans_k3,1,1.0
6445,0,1,0,2,1,2,1,0,kmeans,kmeans_k3,0,1.0
2727,0,1,0,2,1,1,1,1,kmeans,kmeans_k3,0,1.0
6404,1,0,2,4,1,1,2,1,kmeans,kmeans_k3,1,1.0
11074,0,1,0,2,1,2,1,0,kmeans,kmeans_k3,0,1.0
10150,0,1,0,2,1,2,1,5,kmeans,kmeans_k3,0,1.0
1968,2,3,1,1,2,0,0,2,kmeans,kmeans_k3,2,1.0
6534,2,2,3,3,2,0,0,3,kmeans,kmeans_k3,2,1.0
9485,1,2,3,3,2,1,3,1,kmeans,kmeans_k3,1,1.0
7053,0,1,0,2,1,2,1,0,kmeans,kmeans_k3,0,1.0
4654,0,1,0,2,1,2,1,0,kmeans,kmeans_k3,0,1.0
9760,1,0,2,0,1,1,2,1,kmeans,kmeans_k3,1,1.0
1048,1,2,3,4,2,1,2,1,kmeans,kmeans_k3,1,1.0
10619,0,1,0,2,1,2,1,0,kmeans,kmeans_k3,0,1.0
9308,0,1,0,2,1,2,1,0,kmeans,kmeans_k3,0,1.0
10505,0,1,0,2,1,2,1,0,kmeans,kmeans_k3,0,1.0
8362,0,1,0,2,1,2,1,0,kmeans,kmeans_k3,0,1.0
2625,1,0,2,2,1,1,3,1,kmeans,kmeans_k3,1,1.0
4637,0,1,0,2,1,2,1,0,kmeans,kmeans_k3,0,1.0
9972,1,2,3,3,2,0,0,4,kmeans,kmeans_k3,1,1.0
4483,0,1,0,2,1,2,1,0,kmeans,kmeans_k3,0,1.0
4487,2,3,1,1,2,0,0,3,kmeans,kmeans_k3,2,1.0
4988,2,2,3,3,2,0,0,3,kmeans,kmeans_k3,2,1.0
8931,0,1,0,2,1,2,3,5,kmeans,kmeans_k3,0,1.0
5871,2,3,1,4,2,1,3,1,kmeans,kmeans_k3,2,1.0
2008,0,1,0,2,1,2,1,0,kmeans,kmeans_k3,0,1.0
3139,0,1,0,2,1,2,1,0,kmeans,kmeans_k3,0,1.0
10037,0,1,0,2,1,2,1,0,kmeans,kmeans_k3,0,1.0
10673,0,1,0,2,1,2,3,5,kmeans,kmeans_k3,0,1.0
5303,0,1,0,2,1,2,1,0,kmeans,kmeans_k3,0,1.0
538,2,3,1,1,2,1,0,1,kmeans,kmeans_k3,2,1.0
7922,1,0,2,0,1,1,2,1,kmeans,kmeans_k3,1,1.0
5692,2,3,1,1,2,0,0,3,kmeans,kmeans_k3,2,1.0
4843,0,1,0,2,1,2,1,0,kmeans,kmeans_k3,0,1.0
6383,1,2,3,3,2,0,0,3,kmeans,kmeans_k3,1,1.0
1628,0,1,0,2,1,2,1,0,kmeans,kmeans_k3,0,1.0
1204,1,0,2,0,1,2,3,5,kmeans,kmeans_k3,1,1.0
3673,0,0,2,0,1,2,2,5,kmeans,kmeans_k3,0,1.0
760,1,0,2,0,1,1,3,1,kmeans,kmeans_k3,1,1.0
8957,1,0,2,0,1,2,3,5,kmeans,kmeans_k3,1,1.0
4128,1,0,2,0,1,1,2,1,kmeans,kmeans_k3,1,1.0
6810,0,1,0,2,1,2,1,5,kmeans,kmeans_k3,0,1.0
5386,0,1,0,2,1,2,1,5,kmeans,kmeans_k3,0,1.0
8700,2,3,1,1,2,0,0,3,kmeans,kmeans_k3,2,1.0
3202,1,0,2,0,1,2,1,0,kmeans,kmeans_k3,1,1.0
1328,0,1,0,2,1,1,3,1,kmeans,kmeans_k3,0,1.0
8405,1,0,2,4,1,1,3,1,kmeans,kmeans_k3,1,1.0
6515,2,3,1,1,2,0,0,3,kmeans,kmeans_k3,2,1.0
2882,1,0,2,0,1,2,2,5,kmeans,kmeans_k3,1,1.0
7574,2,2,3,3,2,0,0,3,kmeans,kmeans_k3,2,1.0
6387,1,2,3,3,2,0,0,4,kmeans,kmeans_k3,1,1.0
5320,1,2,3,4,2,1,2,1,kmeans,kmeans_k3,1,1.0
5048,2,3,1,4,2,1,0,3,kmeans,kmeans_k3,2,1.0
8146,1,2,3,3,2,0,0,3,kmeans,kmeans_k3,1,1.0
10031,2,2,3,3,2,0,0,3,kmeans,kmeans_k3,2,1.0
5748,2,3,1,4,2,3,3,5,kmeans,kmeans_k3,2,1.0
2134,0,0,2,2,1,1,3,1,kmeans,kmeans_k3,0,1.0
1523,1,2,3,3,2,1,2,1,kmeans,kmeans_k3,1,1.0
9665,1,0,2,0,1,1,2,1,kmeans,kmeans_k3,1,1.0
4640,0,1,0,2,1,2,3,5,kmeans,kmeans_k3,0,1.0
3635,1,0,2,0,1,1,2,1,kmeans,kmeans_k3,1,1.0
3547,2,3,1,1,2,0,0,3,kmeans,kmeans_k3,2,1.0
2456,1,2,3,3,2,1,0,1,kmeans,kmeans_k3,1,1.0
5633,1,2,3,3,2,1,2,1,kmeans,kmeans_k3,1,1.0
7801,0,1,0,2,1,1,3,5,kmeans,kmeans_k3,0,1.0
10489,0,1,0,2,1,2,1,0,kmeans,kmeans_k3,0,1.0
7011,2,2,3,4,2,0,0,3,kmeans,kmeans_k3,2,1.0
2620,2,2,3,3,2,0,0,2,kmeans,kmeans_k3,2,1.0
3933,1,0,2,4,1,1,3,1,kmeans,kmeans_k3,1,1.0
10981,0,1,0,2,1,2,1,0,kmeans,kmeans_k3,0,1.0
1734,1,2,3,3,2,0,0,3,kmeans,kmeans_k3,1,1.0
10995,2,3,1,1,2,0,0,3,kmeans,kmeans_k3,2,1.0
6357,1,0,2,0,1,1,3,5,kmeans,kmeans_k3,1,1.0
9209,0,1,0,2,1,2,1,0,kmeans,kmeans_k3,0,1.0
10286,0,1,0,2,1,2,1,0,kmeans,kmeans_k3,0,1.0
2611,0,1,0,2,1,2,1,0,kmeans,kmeans_k3,0,1.0
1600,1,0,2,0,1,1,2,1,kmeans,kmeans_k3,1,1.0
3308,2,2,3,3,2,0,0,3,kmeans,kmeans_k3,2,1.0
5407,1,0,2,0,1,1,2,1,kmeans,kmeans_k3,1,1.0
2166,2,2,3,3,2,0,0,3,kmeans,kmeans_k3,2,1.0
3955,2,3,1,1,0,3,4,2,kmeans,kmeans_k3,2,1.0
6634,2,2,3,3,2,0,0,3,kmeans,kmeans_k3,2,1.0
3056,0,0,2,0,1,1,3,1,kmeans,kmeans_k3,0,1.0
5718,0,1,0,2,1,2,1,0,kmeans,kmeans_k3,0,1.0
6872,1,0,2,0,1,1,2,1,kmeans,kmeans_k3,1,1.0
8164,0,1,0,2,1,2,1,0,kmeans,kmeans_k3,0,1.0
4580,0,1,0,2,1,2,1,0,kmeans,kmeans_k3,0,1.0
9305,0,1,0,2,1,2,1,0,kmeans,kmeans_k3,0,1.0
453,1,2,3,3,2,0,0,3,kmeans,kmeans_k3,1,1.0
8545,0,1,0,2,1,2,1,0,kmeans,kmeans_k3,0,1.0
9850,2,3,1,1,2,0,0,2,kmeans,kmeans_k3,2,1.0
7378,1,0,2,0,1,1,2,1,kmeans,kmeans_k3,1,1.0
7646,0,1,0,2,1,1,3,1,kmeans,kmeans_k3,0,1.0
1640,1,2,3,3,2,1,0,3,kmeans,kmeans_k3,1,1.0
5184,2,3,3,1,2,0,0,2,kmeans,kmeans_k3,2,1.0
8492,0,1,0,2,1,2,1,0,kmeans,kmeans_k3,0,1.0
11188,2,3,1,1,2,0,0,3,kmeans,kmeans_k3,2,1.0
1212,0,1,0,2,1,1,3,1,kmeans,kmeans_k3,0,1.0
9097,1,0,2,0,1,1,2,1,kmeans,kmeans_k3,1,1.0
10473,0,1,0,2,1,2,3,5,kmeans,kmeans_k3,0,1.0
7962,0,1,0,2,1,2,1,5,kmeans,kmeans_k3,0,1.0
9984,1,0,2,4,1,1,2,1,kmeans,kmeans_k3,1,1.0
5527,2,3,1,1,2,0,0,3,kmeans,kmeans_k3,2,1.0
6374,1,0,2,0,1,1,2,1,kmeans,kmeans_k3,1,1.0
7453,0,1,0,2,1,1,3,5,kmeans,kmeans_k3,0,1.0
8952,0,1,0,2,1,2,3,1,kmeans,kmeans_k3,0,1.0
241,0,1,0,2,1,2,1,0,kmeans,kmeans_k3,0,1.0
8975,2,2,3,4,2,0,0,3,kmeans,kmeans_k3,2,1.0
6119,2,2,3,3,2,0,0,2,kmeans,kmeans_k3,2,1.0
5236,1,0,2,0,1,2,3,5,kmeans,kmeans_k3,1,1.0
5723,1,2,3,3,2,1,2,1,kmeans,kmeans_k3,1,1.0
1710,1,0,2,4,2,1,3,1,kmeans,kmeans_k3,1,1.0
1970,1,2,3,4,2,1,0,3,kmeans,kmeans_k3,1,1.0
5313,1,2,3,3,2,0,0,4,kmeans,kmeans_k3,1,1.0
10634,0,1,0,2,1,1,1,5,kmeans,kmeans_k3,0,1.0
7010,0,1,0,2,1,2,1,0,kmeans,kmeans_k3,0,1.0
8562,0,1,0,2,1,1,3,1,kmeans,kmeans_k3,0,1.0
3158,2,3,1,1,2,0,0,3,kmeans,kmeans_k3,2,1.0
4436,2,3,1,1,2,0,0,3,kmeans,kmeans_k3,2,1.0
5287,1,2,3,3,2,0,0,3,kmeans,kmeans_k3,1,1.0
2445,1,2,3,3,2,0,0,3,kmeans,kmeans_k3,1,1.0
6059,1,0,2,0,1,2,2,5,kmeans,kmeans_k3,1,1.0
4550,1,2,3,3,2,0,0,4,kmeans,kmeans_k3,1,1.0
4240,2,3,1,1,2,0,0,3,kmeans,kmeans_k3,2,1.0
8911,0,1,0,2,1,1,3,5,kmeans,kmeans_k3,0,1.0
3706,2,3,1,4,2,0,0,3,kmeans,kmeans_k3,2,1.0
3628,2,3,1,1,2,0,0,3,kmeans,kmeans_k3,2,1.0
10175,1,2,3,3,2,0,0,4,kmeans,kmeans_k3,1,1.0
8985,1,0,2,0,1,1,3,1,kmeans,kmeans_k3,1,1.0
5204,0,1,0,2,1,2,1,0,kmeans,kmeans_k3,0,1.0
9220,0,1,0,2,1,2,1,0,kmeans,kmeans_k3,0,1.0
9888,0,1,0,2,1,2,1,0,kmeans,kmeans_k3,0,1.0
5263,2,3,1,1,2,0,0,3,kmeans,kmeans_k3,2,1.0
1020,0,1,0,2,1,2,1,0,kmeans,kmeans_k3,0,1.0
9503,2,3,1,4,2,1,3,1,kmeans,kmeans_k3,2,1.0
10613,2,2,3,3,2,0,0,3,kmeans,kmeans_k3,2,1.0
67,1,2,3,3,2,0,2,4,kmeans,kmeans_k3,1,1.0
6019,1,2,3,3,2,0,0,3,kmeans,kmeans_k3,1,1.0
5863,1,0,2,0,1,1,3,1,kmeans,kmeans_k3,1,1.0
3717,1,0,2,0,1,1,3,1,kmeans,kmeans_k3,1,1.0
6730,1,2,3,3,2,0,0,3,kmeans,kmeans_k3,1,1.0
10749,2,3,4,5,0,0,0,4,kmeans,kmeans_k3,2,1.0
4998,0,1,0,2,1,2,1,0,kmeans,kmeans_k3,0,1.0
6287,2,2,3,3,2,0,0,3,kmeans,kmeans_k3,2,1.0
5985,1,2,3,3,2,1,2,1,kmeans,kmeans_k3,1,1.0
4754,2,3,1,1,2,1,0,3,kmeans,kmeans_k3,2,1.0
4002,0,1,0,2,1,1,3,5,kmeans,kmeans_k3,0,1.0
8870,2,3,1,4,1,1,3,1,kmeans,kmeans_k3,2,1.0
966,1,0,2,0,1,1,2,1,kmeans,kmeans_k3,1,1.0
4767,0,1,0,2,1,2,1,0,kmeans,kmeans_k3,0,1.0
9725,2,2,3,3,2,0,0,2,kmeans,kmeans_k3,2,1.0
4475,0,1,0,2,1,2,1,0,kmeans,kmeans_k3,0,1.0
5740,2,3,1,1,2,0,0,3,kmeans,kmeans_k3,2,1.0
5731,2,2,3,3,2,0,0,3,kmeans,kmeans_k3,2,1.0
7290,0,1,0,2,1,2,1,0,kmeans,kmeans_k3,0,1.0
3846,1,0,2,0,1,1,2,1,kmeans,kmeans_k3,1,1.0
8104,1,0,2,0,1,1,2,1,kmeans,kmeans_k3,1,1.0
4507,0,1,0,2,1,2,1,0,kmeans,kmeans_k3,0,1.0
11013,0,1,0,2,1,2,1,0,kmeans,kmeans_k3,0,1.0
4491,1,0,2,0,1,2,2,5,kmeans,kmeans_k3,1,1.0
3759,1,0,2,0,1,1,2,1,kmeans,kmeans_k3,1,1.0
1162,0,1,0,2,1,1,1,1,kmeans,kmeans_k3,0,1.0
2055,2,2,3,3,2,0,0,3,kmeans,kmeans_k3,2,1.0
10766,1,0,2,0,1,1,3,1,kmeans,kmeans_k3,1,1.0
4415,2,3,1,1,2,0,0,3,kmeans,kmeans_k3,2,1.0
3005,0,1,0,2,1,2,1,0,kmeans,kmeans_k3,0,1.0
2223,0,0,2,0,1,2,3,5,kmeans,kmeans_k3,0,1.0
4817,2,3,1,1,2,0,0,2,kmeans,kmeans_k3,2,1.0
2875,0,1,0,2,1,2,1,0,kmeans,kmeans_k3,0,1.0
10536,1,2,3,3,2,0,0,3,kmeans,kmeans_k3,1,1.0
11112,0,1,0,2,1,2,3,5,kmeans,kmeans_k3,0,1.0
3807,1,0,2,0,1,1,2,1,kmeans,kmeans_k3,1,1.0
9197,1,2,3,3,2,0,0,3,kmeans,kmeans_k3,1,1.0
10832,1,0,2,0,1,1,2,1,kmeans,kmeans_k3,1,1.0
6421,0,1,0,2,1,2,1,0,kmeans,kmeans_k3,0,1.0
4207,0,1,0,2,1,2,1,0,kmeans,kmeans_k3,0,1.0
577,2,2,3,3,2,0,0,3,kmeans,kmeans_k3,2,1.0
10855,1,0,2,0,1,1,2,1,kmeans,kmeans_k3,1,1.0
3081,2,2,3,3,2,0,0,2,kmeans,kmeans_k3,2,1.0
3535,0,1,0,2,1,2,1,0,kmeans,kmeans_k3,0,1.0
247,1,0,2,4,1,1,2,1,kmeans,kmeans_k3,1,1.0
8707,0,1,0,2,1,2,1,0,kmeans,kmeans_k3,0,1.0
9523,2,2,3,3,2,0,0,2,kmeans,kmeans_k3,2,1.0
6072,0,1,0,2,1,2,1,0,kmeans,kmeans_k3,0,1.0
6295,1,0,2,0,1,1,2,1,kmeans,kmeans_k3,1,1.0
10914,2,2,3,3,2,0,0,3,kmeans,kmeans_k3,2,1.0
1509,0,1,0,2,1,2,1,5,kmeans,kmeans_k3,0,1.0
5577,2,2,3,3,2,0,0,2,kmeans,kmeans_k3,2,1.0
7348,0,1,0,2,1,2,1,0,kmeans,kmeans_k3,0,1.0
1127,0,1,0,2,1,2,1,0,kmeans,kmeans_k3,0,1.0
1833,2,2,3,3,2,1,0,1,kmeans,kmeans_k3,2,1.0
4944,0,1,0,2,1,2,1,0,kmeans,kmeans_k3,0,1.0
9080,1,2,3,4,2,0,0,3,kmeans,kmeans_k3,1,1.0
6466,1,2,3,3,2,1,2,1,kmeans,kmeans_k3,1,1.0
9964,0,1,0,2,1,1,3,5,kmeans,kmeans_k3,0,1.0
4790,0,1,0,2,1,2,3,5,kmeans,kmeans_k3,0,1.0
10245,0,1,0,2,1,2,1,0,kmeans,kmeans_k3,0,1.0
1109,2,2,3,3,2,0,0,2,kmeans,kmeans_k3,2,1.0
6001,0,0,2,0,1,1,3,1,kmeans,kmeans_k3,0,1.0
5538,0,1,0,2,1,2,1,5,kmeans,kmeans_k3,0,1.0
10552,2,3,1,4,1,1,3,5,kmeans,kmeans_k3,2,1.0
1545,1,0,2,4,1,1,2,1,kmeans,kmeans_k3,1,1.0
7409,1,0,2,0,1,1,2,1,kmeans,kmeans_k3,1,1.0
4444,2,3,1,1,2,0,0,3,kmeans,kmeans_k3,2,1.0
146,0,1,0,2,1,2,1,0,kmeans,kmeans_k3,0,1.0
6271,1,2,3,3,2,0,0,4,kmeans,kmeans_k3,1,1.0
10065,2,3,1,1,2,0,0,3,kmeans,kmeans_k3,2,1.0
4741,1,0,2,0,1,1,3,1,kmeans,kmeans_k3,1,1.0
246,1,0,2,0,2,1,3,1,kmeans,kmeans_k3,1,1.0
375,0,1,0,2,1,2,1,0,kmeans,kmeans_k3,0,1.0
1524,1,0,2,0,1,2,1,0,kmeans,kmeans_k3,1,1.0
10022,1,2,3,3,2,0,0,2,kmeans,kmeans_k3,1,1.0
7451,0,1,0,2,1,2,1,5,kmeans,kmeans_k3,0,1.0
11010,2,2,3,4,2,0,0,3,kmeans,kmeans_k3,2,1.0
4356,1,0,2,0,1,2,2,5,kmeans,kmeans_k3,1,1.0
3885,2,2,3,4,2,0,0,3,kmeans,kmeans_k3,2,1.0
1175,0,3,1,4,2,1,3,1,kmeans,kmeans_k3,0,1.0
880,2,3,1,1,2,0,0,3,kmeans,kmeans_k3,2,1.0
2320,1,0,2,0,1,1,2,1,kmeans,kmeans_k3,1,1.0
850,0,1,0,2,1,1,3,1,kmeans,kmeans_k3,0,1.0
4713,1,2,3,3,2,1,2,1,kmeans,kmeans_k3,1,1.0
675,1,0,2,4,1,1,2,1,kmeans,kmeans_k3,1,1.0
5025,2,3,1,1,2,1,0,3,kmeans,kmeans_k3,2,1.0
2308,1,0,2,4,1,1,3,1,kmeans,kmeans_k3,1,1.0
5995,1,0,2,4,1,1,3,1,kmeans,kmeans_k3,1,1.0
6749,1,0,2,0,1,2,2,5,kmeans,kmeans_k3,1,1.0
1010,1,2,3,3,2,0,0,3,kmeans,kmeans_k3,1,1.0
8977,2,3,1,1,2,0,0,2,kmeans,kmeans_k3,2,1.0
4756,0,1,0,2,1,2,1,0,kmeans,kmeans_k3,0,1.0
3412,1,0,2,0,1,2,2,5,kmeans,kmeans_k3,1,1.0
606,2,2,3,3,2,0,0,2,kmeans,kmeans_k3,2,1.0
5961,2,3,1,1,2,0,0,3,kmeans,kmeans_k3,2,1.0
2975,0,1,0,2,1,2,3,5,kmeans,kmeans_k3,0,1.0
2894,0,1,0,2,1,2,1,0,kmeans,kmeans_k3,0,1.0
7613,1,0,2,4,1,1,2,1,kmeans,kmeans_k3,1,1.0
10542,2,2,3,4,2,0,0,3,kmeans,kmeans_k3,2,1.0
8015,0,1,0,2,1,2,1,0,kmeans,kmeans_k3,0,1.0
10617,2,3,1,1,2,0,0,3,kmeans,kmeans_k3,2,1.0
11166,1,0,2,0,1,1,2,1,kmeans,kmeans_k3,1,1.0
849,1,0,2,0,1,1,3,5,kmeans,kmeans_k3,1,1.0
523,2,3,1,4,2,0,0,3,kmeans,kmeans_k3,2,1.0
4066,2,3,1,1,2,0,0,3,kmeans,kmeans_k3,2,1.0
8414,1,2,3,3,2,0,2,3,kmeans,kmeans_k3,1,1.0
819,0,1,0,2,1,1,1,0,kmeans,kmeans_k3,0,1.0
4961,2,2,3,3,2,0,0,3,kmeans,kmeans_k3,2,1.0
749,2,2,3,4,2,1,2,1,kmeans,kmeans_k3,2,1.0
5430,1,0,2,0,1,1,2,1,kmeans,kmeans_k3,1,1.0
7755,1,0,2,0,1,1,2,1,kmeans,kmeans_k3,1,1.0
10525,2,2,3,3,2,0,0,2,kmeans,kmeans_k3,2,1.0
1453,1,0,2,0,1,1,1,1,kmeans,kmeans_k3,1,1.0
8310,1,0,2,0,1,2,3,5,kmeans,kmeans_k3,1,1.0
10710,2,3,1,1,2,0,0,2,kmeans,kmeans_k3,2,1.0
5031,0,1,0,2,1,2,1,0,kmeans,kmeans_k3,0,1.0
2613,0,1,0,2,1,1,3,1,kmeans,kmeans_k3,0,1.0
213,1,2,3,3,2,0,0,4,kmeans,kmeans_k3,1,1.0
967,1,0,2,0,1,1,2,1,kmeans,kmeans_k3,1,1.0
1077,0,1,0,2,1,2,1,5,kmeans,kmeans_k3,0,1.0
7959,0,1,0,2,1,2,1,5,kmeans,kmeans_k3,0,1.0
640,0,1,0,2,1,1,3,1,kmeans,kmeans_k3,0,1.0
4252,1,0,2,0,1,1,2,1,kmeans,kmeans_k3,1,1.0
8432,1,0,2,0,1,1,2,1,kmeans,kmeans_k3,1,1.0
6218,1,0,2,0,1,1,2,1,kmeans,kmeans_k3,1,1.0
6905,0,1,0,2,1,2,1,0,kmeans,kmeans_k3,0,1.0
5922,1,0,2,0,2,1,2,1,kmeans,kmeans_k3,1,1.0
3598,1,0,2,0,1,1,3,1,kmeans,kmeans_k3,1,1.0
6116,2,3,1,1,2,0,0,3,kmeans,kmeans_k3,2,1.0
6263,2,2,3,4,2,1,0,3,kmeans,kmeans_k3,2,1.0
10486,0,1,0,2,1,2,1,0,kmeans,kmeans_k3,0,1.0
2410,0,1,0,2,1,2,1,0,kmeans,kmeans_k3,0,1.0
193,2,3,1,1,2,0,0,2,kmeans,kmeans_k3,2,1.0
3363,2,3,1,1,2,0,0,3,kmeans,kmeans_k3,2,1.0
8278,0,0,2,2,1,2,1,0,kmeans,kmeans_k3,0,1.0
10660,1,0,2,0,1,1,2,1,kmeans,kmeans_k3,1,1.0
8686,2,3,1,1,2,0,0,3,kmeans,kmeans_k3,2,1.0
1604,1,0,2,0,2,1,2,1,kmeans,kmeans_k3,1,1.0
5907,2,2,3,3,2,0,0,2,kmeans,kmeans_k3,2,1.0
10669,1,0,2,0,1,1,3,1,kmeans,kmeans_k3,1,1.0
2918,2,2,3,3,2,0,0,3,kmeans,kmeans_k3,2,1.0
5735,0,1,0,2,1,2,1,0,kmeans,kmeans_k3,0,1.0
359,1,0,2,0,1,1,2,1,kmeans,kmeans_k3,1,1.0
8387,1,0,2,0,2,1,2,1,kmeans,kmeans_k3,1,1.0
1829,1,0,2,0,1,2,2,5,kmeans,kmeans_k3,1,1.0
3839,2,3,1,1,2,0,0,3,kmeans,kmeans_k3,2,1.0
9392,2,2,3,3,2,0,0,2,kmeans,kmeans_k3,2,1.0
2292,2,3,1,1,2,0,0,3,kmeans,kmeans_k3,2,1.0
10466,2,2,3,3,2,0,0,3,kmeans,kmeans_k3,2,1.0
9855,1,0,2,0,1,1,2,1,kmeans,kmeans_k3,1,1.0
4088,1,0,2,0,2,1,2,1,kmeans,kmeans_k3,1,1.0
5231,2,2,3,3,2,0,0,3,kmeans,kmeans_k3,2,1.0
590,0,1,0,2,1,2,1,0,kmeans,kmeans_k3,0,1.0
8732,1,0,2,0,1,2,3,5,kmeans,kmeans_k3,1,1.0
2315,2,3,1,1,2,0,0,3,kmeans,kmeans_k3,2,1.0
3515,1,0,2,4,2,1,3,1,kmeans,kmeans_k3,1,1.0
2245,1,2,3,3,2,1,2,1,kmeans,kmeans_k3,1,1.0
6283,1,0,2,0,1,1,2,1,kmeans,kmeans_k3,1,1.0
2246,2,3,1,1,2,1,0,3,kmeans,kmeans_k3,2,1.0
6606,1,0,2,0,1,2,2,5,kmeans,kmeans_k3,1,1.0
5545,0,1,0,2,1,2,1,0,kmeans,kmeans_k3,0,1.0
7342,0,1,0,2,1,1,3,5,kmeans,kmeans_k3,0,1.0
837,2,2,3,3,2,1,2,1,kmeans,kmeans_k3,2,1.0
9500,1,0,2,4,1,1,3,5,kmeans,kmeans_k3,1,1.0
3602,1,0,2,0,2,1,2,1,kmeans,kmeans_k3,1,1.0
234,2,3,1,1,2,0,0,3,kmeans,kmeans_k3,2,1.0
2995,0,1,0,2,1,2,1,0,kmeans,kmeans_k3,0,1.0
1118,1,0,2,0,1,1,2,1,kmeans,kmeans_k3,1,1.0
7789,0,1,0,2,1,2,1,0,kmeans,kmeans_k3,0,1.0
3068,2,3,1,1,2,0,0,3,kmeans,kmeans_k3,2,1.0
8955,1,2,3,3,2,0,0,4,kmeans,kmeans_k3,1,1.0
945,1,2,3,3,2,1,2,1,kmeans,kmeans_k3,1,1.0
5644,1,0,2,0,1,1,2,1,kmeans,kmeans_k3,1,1.0
7192,0,1,0,2,1,1,3,5,kmeans,kmeans_k3,0,1.0
2324,0,1,0,2,1,2,3,5,kmeans,kmeans_k3,0,1.0
697,0,1,0,2,1,2,1,0,kmeans,kmeans_k3,0,1.0
3439,1,0,2,4,2,1,2,1,kmeans,kmeans_k3,1,1.0
1506,2,2,3,4,2,1,0,1,kmeans,kmeans_k3,2,1.0
232,0,1,0,2,1,1,3,5,kmeans,kmeans_k3,0,1.0
8876,1,0,2,0,2,1,2,1,kmeans,kmeans_k3,1,1.0
4500,0,1,0,2,1,2,1,0,kmeans,kmeans_k3,0,1.0
9739,1,0,2,4,2,1,2,1,kmeans,kmeans_k3,1,1.0
10395,2,3,1,1,2,0,4,3,kmeans,kmeans_k3,2,1.0
1176,2,3,1,1,2,0,0,2,kmeans,kmeans_k3,2,1.0
1627,0,1,0,2,1,2,1,0,kmeans,kmeans_k3,0,1.0
938,1,2,3,4,2,0,0,3,kmeans,kmeans_k3,1,1.0
2740,1,2,3,3,2,0,2,3,kmeans,kmeans_k3,1,1.0
257,1,0,2,0,1,2,3,5,kmeans,kmeans_k3,1,1.0
4058,1,0,2,0,1,1,1,1,kmeans,kmeans_k3,1,1.0
7736,2,3,1,1,2,0,0,3,kmeans,kmeans_k3,2,1.0
8210,1,0,2,0,1,1,2,1,kmeans,kmeans_k3,1,1.0
833,1,2,3,3,2,0,0,4,kmeans,kmeans_k3,1,1.0
6230,1,0,2,4,2,1,2,1,kmeans,kmeans_k3,1,1.0
7325,2,2,3,3,2,0,0,3,kmeans,kmeans_k3,2,1.0
1307,2,2,3,3,2,0,0,3,kmeans,kmeans_k3,2,1.0
1502,2,2,3,4,2,0,0,3,kmeans,kmeans_k3,2,1.0
6211,2,2,3,3,2,0,0,3,kmeans,kmeans_k3,2,1.0
843,0,1,0,2,1,1,3,5,kmeans,kmeans_k3,0,1.0
4174,1,2,3,3,2,1,2,1,kmeans,kmeans_k3,1,1.0
9757,0,1,0,2,1,2,1,0,kmeans,kmeans_k3,0,1.0
6918,2,3,1,1,2,0,0,3,kmeans,kmeans_k3,2,1.0
286,1,2,3,3,2,1,0,1,kmeans,kmeans_k3,1,1.0
11086,2,3,1,1,2,0,0,3,kmeans,kmeans_k3,2,1.0
1921,1,2,3,3,2,0,0,3,kmeans,kmeans_k3,1,1.0
4138,0,1,0,2,1,2,3,5,kmeans,kmeans_k3,0,1.0
7718,0,1,0,2,1,2,1,5,kmeans,kmeans_k3,0,1.0
1291,1,0,2,4,2,1,2,1,kmeans,kmeans_k3,1,1.0
6862,2,3,1,1,0,3,4,2,kmeans,kmeans_k3,2,1.0
4136,2,3,1,1,2,0,0,3,kmeans,kmeans_k3,2,1.0
803,2,2,3,3,2,0,0,4,kmeans,kmeans_k3,2,1.0
4298,2,2,3,3,2,0,0,2,kmeans,kmeans_k3,2,1.0
10833,1,0,2,0,1,1,2,1,kmeans,kmeans_k3,1,1.0
9606,0,1,0,2,1,2,1,0,kmeans,kmeans_k3,0,1.0
8534,1,0,2,0,1,1,3,1,kmeans,kmeans_k3,1,1.0
5153,0,0,2,0,1,2,3,1,kmeans,kmeans_k3,0,1.0
961,0,1,0,2,1,2,3,5,kmeans,kmeans_k3,0,1.0
5011,1,0,2,0,1,1,2,1,kmeans,kmeans_k3,1,1.0
6653,1,0,2,0,1,1,2,1,kmeans,kmeans_k3,1,1.0
9094,1,0,2,0,1,1,2,1,kmeans,kmeans_k3,1,1.0
810,0,1,0,2,1,1,3,5,kmeans,kmeans_k3,0,1.0
5493,2,2,3,3,2,0,0,2,kmeans,kmeans_k3,2,1.0
2147,0,1,0,2,1,2,1,0,kmeans,kmeans_k3,0,1.0
5107,2,2,3,3,2,0,0,3,kmeans,kmeans_k3,2,1.0
3979,0,1,0,2,1,2,1,0,kmeans,kmeans_k3,0,1.0
6049,0,1,0,2,1,2,1,0,kmeans,kmeans_k3,0,1.0
8147,1,2,3,3,2,0,0,4,kmeans,kmeans_k3,1,1.0
1857,1,2,3,3,2,0,0,3,kmeans,kmeans_k3,1,1.0
3910,0,1,0,2,1,2,1,5,kmeans,kmeans_k3,0,1.0
5207,1,0,2,0,1,1,2,1,kmeans,kmeans_k3,1,1.0
11114,2,3,1,1,2,0,0,3,kmeans,kmeans_k3,2,1.0
5429,1,0,2,0,2,1,2,1,kmeans,kmeans_k3,1,1.0
9400,0,1,0,2,1,2,1,0,kmeans,kmeans_k3,0,1.0
1740,1,0,2,0,1,2,1,5,kmeans,kmeans_k3,1,1.0
7488,0,1,0,2,1,1,3,5,kmeans,kmeans_k3,0,1.0
195,1,0,2,4,2,1,3,1,kmeans,kmeans_k3,1,1.0
635,1,0,2,0,1,1,2,1,kmeans,kmeans_k3,1,1.0
7527,2,3,1,1,2,0,0,3,kmeans,kmeans_k3,2,1.0
10319,1,0,2,0,1,2,2,5,kmeans,kmeans_k3,1,1.0
2296,2,3,1,1,2,0,0,2,kmeans,kmeans_k3,2,1.0
10637,2,3,1,4,2,0,0,3,kmeans,kmeans_k3,2,1.0
2931,0,1,0,2,1,2,1,5,kmeans,kmeans_k3,0,1.0
907,1,0,2,0,1,1,2,1,kmeans,kmeans_k3,1,1.0
3698,0,1,0,2,1,2,1,0,kmeans,kmeans_k3,0,1.0
9516,0,0,2,0,1,1,1,1,kmeans,kmeans_k3,0,1.0
679,2,2,3,3,2,0,0,3,kmeans,kmeans_k3,2,1.0
7384,0,0,2,4,1,1,1,5,kmeans,kmeans_k3,0,1.0
5043,2,3,1,1,2,1,3,5,kmeans,kmeans_k3,2,1.0
5267,2,2,3,3,2,0,0,3,kmeans,kmeans_k3,2,1.0
339,1,0,2,0,1,1,2,1,kmeans,kmeans_k3,1,1.0
2516,2,3,1,4,2,0,0,3,kmeans,kmeans_k3,2,1.0
9010,0,1,0,2,1,2,1,0,kmeans,kmeans_k3,0,1.0
378,0,0,2,4,1,1,1,5,kmeans,kmeans_k3,0,1.0
4808,2,3,1,1,2,0,0,2,kmeans,kmeans_k3,2,1.0
5068,2,2,3,3,2,0,0,3,kmeans,kmeans_k3,2,1.0
7628,2,2,3,3,2,0,0,3,kmeans,kmeans_k3,2,1.0
7128,2,2,3,3,2,0,0,2,kmeans,kmeans_k3,2,1.0
2811,1,2,3,3,2,0,0,4,kmeans,kmeans_k3,1,1.0
3551,1,2,3,3,2,1,3,1,kmeans,kmeans_k3,1,1.0
1663,2,2,3,4,2,0,0,3,kmeans,kmeans_k3,2,1.0
5543,1,0,2,0,1,1,2,1,kmeans,kmeans_k3,1,1.0
1577,0,1,0,2,1,2,1,0,kmeans,kmeans_k3,0,1.0
10641,2,3,1,1,2,0,0,3,kmeans,kmeans_k3,2,1.0
5336,1,2,2,3,0,3,4,4,kmeans,kmeans_k3,1,1.0
6024,0,1,0,2,1,2,1,5,kmeans,kmeans_k3,0,1.0
1878,2,3,1,1,2,0,0,3,kmeans,kmeans_k3,2,1.0
3099,1,0,2,4,1,1,2,1,kmeans,kmeans_k3,1,1.0
6055,0,1,0,2,1,2,1,0,kmeans,kmeans_k3,0,1.0
5841,1,0,2,0,1,1,2,1,kmeans,kmeans_k3,1,1.0
3972,1,0,2,0,1,1,2,1,kmeans,kmeans_k3,1,1.0
4394,0,1,0,2,1,2,1,0,kmeans,kmeans_k3,0,1.0
5758,1,0,2,0,1,1,1,0,kmeans,kmeans_k3,1,1.0
6658,1,0,2,0,1,1,3,1,kmeans,kmeans_k3,1,1.0
4603,0,1,0,2,1,1,3,1,kmeans,kmeans_k3,0,1.0
8427,0,1,0,2,1,2,1,0,kmeans,kmeans_k3,0,1.0
10260,1,0,2,0,1,1,2,1,kmeans,kmeans_k3,1,1.0
7143,0,1,0,2,1,1,3,5,kmeans,kmeans_k3,0,1.0
8789,2,3,1,1,2,1,3,5,kmeans,kmeans_k3,2,1.0
6197,1,2,3,3,2,0,0,4,kmeans,kmeans_k3,1,1.0
4554,1,0,2,4,1,1,3,1,kmeans,kmeans_k3,1,1.0
4937,2,2,3,3,2,0,0,3,kmeans,kmeans_k3,2,1.0
1920,1,2,3,4,2,0,0,3,kmeans,kmeans_k3,1,1.0
8749,2,3,1,1,2,0,0,3,kmeans,kmeans_k3,2,1.0
1650,0,1,0,2,1,2,1,0,kmeans,kmeans_k3,0,1.0
10377,1,0,2,4,1,1,2,1,kmeans,kmeans_k3,1,1.0
9206,0,1,0,2,1,2,3,5,kmeans,kmeans_k3,0,1.0
10971,1,0,2,4,1,1,2,1,kmeans,kmeans_k3,1,1.0
6398,2,3,1,1,2,0,0,3,kmeans,kmeans_k3,2,1.0
9212,1,0,2,0,1,2,2,5,kmeans,kmeans_k3,1,1.0
7937,2,3,1,1,2,0,0,3,kmeans,kmeans_k3,2,1.0
839,1,0,2,4,2,1,2,1,kmeans,kmeans_k3,1,1.0
4246,2,3,1,1,0,3,4,4,kmeans,kmeans_k3,2,1.0
158,0,1,0,2,1,2,1,0,kmeans,kmeans_k3,0,1.0
4832,2,3,1,1,2,0,0,3,kmeans,kmeans_k3,2,1.0
5621,2,3,1,4,2,1,3,5,kmeans,kmeans_k3,2,1.0
1945,0,0,2,0,1,2,3,5,kmeans,kmeans_k3,0,1.0
5147,0,1,0,2,1,2,1,0,kmeans,kmeans_k3,0,1.0
2535,0,1,0,2,1,2,3,5,kmeans,kmeans_k3,0,1.0
11039,2,3,1,4,1,1,3,5,kmeans,kmeans_k3,2,1.0
9495,0,1,0,2,1,2,1,0,kmeans,kmeans_k3,0,1.0
9635,1,2,3,4,2,1,2,1,kmeans,kmeans_k3,1,1.0
2173,2,2,3,3,2,0,0,3,kmeans,kmeans_k3,2,1.0
942,1,0,2,4,1,1,3,1,kmeans,kmeans_k3,1,1.0
9386,1,0,2,0,1,1,2,1,kmeans,kmeans_k3,1,1.0
5510,1,0,2,0,1,1,2,1,kmeans,kmeans_k3,1,1.0
873,1,0,2,0,1,2,2,5,kmeans,kmeans_k3,1,1.0
2253,2,3,1,1,2,0,0,3,kmeans,kmeans_k3,2,1.0
5181,2,3,1,1,2,0,4,2,kmeans,kmeans_k3,2,1.0
979,2,3,1,1,2,0,0,3,kmeans,kmeans_k3,2,1.0
10390,2,3,1,1,2,0,0,3,kmeans,kmeans_k3,2,1.0
4698,0,1,0,4,1,1,1,5,kmeans,kmeans_k3,0,1.0
7793,1,0,2,0,1,1,2,1,kmeans,kmeans_k3,1,1.0
1745,0,1,0,2,1,2,1,0,kmeans,kmeans_k3,0,1.0
10590,0,1,0,2,1,2,1,0,kmeans,kmeans_k3,0,1.0
5080,0,1,0,2,1,2,1,0,kmeans,kmeans_k3,0,1.0
8369,2,3,1,1,2,0,0,3,kmeans,kmeans_k3,2,1.0
5232,1,0,2,4,2,1,3,1,kmeans,kmeans_k3,1,1.0
2407,0,1,0,2,1,2,1,0,kmeans,kmeans_k3,0,1.0
3834,0,1,0,2,1,1,3,5,kmeans,kmeans_k3,0,1.0
7912,2,3,1,4,2,0,0,3,kmeans,kmeans_k3,2,1.0
7712,0,1,0,2,1,1,1,0,kmeans,kmeans_k3,0,1.0
1065,0,1,0,2,1,2,1,0,kmeans,kmeans_k3,0,1.0
7275,1,2,3,3,2,1,2,1,kmeans,kmeans_k3,1,1.0
1343,1,0,2,0,1,1,3,1,kmeans,kmeans_k3,1,1.0
1384,2,3,1,1,2,0,0,3,kmeans,kmeans_k3,2,1.0
9967,1,0,2,4,1,1,2,1,kmeans,kmeans_k3,1,1.0
6181,0,0,2,0,1,2,1,0,kmeans,kmeans_k3,0,1.0
10507,1,0,2,0,1,2,2,5,kmeans,kmeans_k3,1,1.0
2674,0,0,2,2,1,2,3,5,kmeans,kmeans_k3,0,1.0
2698,1,0,2,0,1,1,2,1,kmeans,kmeans_k3,1,1.0
3231,2,3,1,1,2,0,0,3,kmeans,kmeans_k3,2,1.0
4096,1,0,2,4,2,1,3,1,kmeans,kmeans_k3,1,1.0
10476,1,1,0,2,1,1,3,1,kmeans,kmeans_k3,1,1.0
5948,1,0,2,0,2,1,2,1,kmeans,kmeans_k3,1,1.0
9140,1,2,3,3,2,1,0,3,kmeans,kmeans_k3,1,1.0
10258,1,2,3,3,2,0,0,4,kmeans,kmeans_k3,1,1.0
5675,1,0,2,0,1,1,2,1,kmeans,kmeans_k3,1,1.0
4743,1,0,2,0,1,1,2,1,kmeans,kmeans_k3,1,1.0
8805,1,0,2,0,1,1,2,1,kmeans,kmeans_k3,1,1.0
1542,1,0,2,0,1,1,2,1,kmeans,kmeans_k3,1,1.0
6770,2,3,1,1,2,0,0,3,kmeans,kmeans_k3,2,1.0
8773,1,0,2,0,1,1,2,1,kmeans,kmeans_k3,1,1.0
10420,1,0,2,4,2,1,3,1,kmeans,kmeans_k3,1,1.0
7514,1,0,2,4,2,1,2,1,kmeans,kmeans_k3,1,1.0
793,2,2,3,3,2,0,0,3,kmeans,kmeans_k3,2,1.0
10909,0,1,0,2,1,2,1,5,kmeans,kmeans_k3,0,1.0
8702,2,2,3,3,2,0,0,3,kmeans,kmeans_k3,2,1.0
4791,2,2,3,3,2,0,0,3,kmeans,kmeans_k3,2,1.0
2963,0,1,0,2,1,2,1,0,kmeans,kmeans_k3,0,1.0
8216,1,0,2,0,1,1,2,1,kmeans,kmeans_k3,1,1.0
8140,2,3,1,1,2,0,0,3,kmeans,kmeans_k3,2,1.0
10146,2,2,3,3,2,0,0,3,kmeans,kmeans_k3,2,1.0
5289,2,3,1,1,2,0,0,3,kmeans,kmeans_k3,2,1.0
2587,1,2,3,3,2,0,0,4,kmeans,kmeans_k3,1,1.0
4405,1,0,2,0,1,1,2,1,kmeans,kmeans_k3,1,1.0
8663,1,2,3,3,2,0,0,2,kmeans,kmeans_k3,1,1.0
2589,2,2,3,3,2,0,0,3,kmeans,kmeans_k3,2,1.0
3421,1,0,2,0,1,1,2,1,kmeans,kmeans_k3,1,1.0
10490,1,0,2,4,1,1,3,5,kmeans,kmeans_k3,1,1.0
4094,1,0,2,0,1,1,2,1,kmeans,kmeans_k3,1,1.0
9958,1,0,2,0,1,1,2,1,kmeans,kmeans_k3,1,1.0
2534,1,0,2,4,2,1,2,1,kmeans,kmeans_k3,1,1.0
4188,1,0,2,0,1,1,2,1,kmeans,kmeans_k3,1,1.0
6613,1,0,2,0,1,1,2,1,kmeans,kmeans_k3,1,1.0
10827,1,2,3,4,2,1,2,1,kmeans,kmeans_k3,1,1.0
5491,1,0,2,0,1,1,3,1,kmeans,kmeans_k3,1,1.0
8402,0,1,0,2,1,2,3,1,kmeans,kmeans_k3,0,1.0
8783,1,0,2,0,1,1,3,1,kmeans,kmeans_k3,1,1.0
10010,1,0,2,0,2,1,2,1,kmeans,kmeans_k3,1,1.0
618,0,0,2,0,1,1,3,1,kmeans,kmeans_k3,0,1.0
9121,1,0,2,0,1,2,2,5,kmeans,kmeans_k3,1,1.0
361,2,2,3,3,2,0,0,2,kmeans,kmeans_k3,2,1.0
4310,0,1,0,2,1,2,1,0,kmeans,kmeans_k3,0,1.0
2678,2,3,1,4,2,1,3,3,kmeans,kmeans_k3,2,1.0
6376,0,1,0,4,1,1,3,1,kmeans,kmeans_k3,0,1.0
524,2,3,1,1,2,0,0,3,kmeans,kmeans_k3,2,1.0
10341,0,1,0,2,2,1,3,3,kmeans,kmeans_k3,0,1.0
5654,2,2,3,3,2,0,0,3,kmeans,kmeans_k3,2,1.0
4098,2,2,3,3,2,0,0,3,kmeans,kmeans_k3,2,1.0
5824,1,2,3,3,2,0,0,2,kmeans,kmeans_k3,1,1.0
7000,0,1,0,2,1,2,1,0,kmeans,kmeans_k3,0,1.0
2561,1,0,2,0,1,2,2,5,kmeans,kmeans_k3,1,1.0
5229,1,2,3,3,2,0,0,3,kmeans,kmeans_k3,1,1.0
4086,2,3,1,1,2,0,0,3,kmeans,kmeans_k3,2,1.0
2428,2,3,1,1,2,0,0,3,kmeans,kmeans_k3,2,1.0
8254,2,2,3,3,2,0,0,2,kmeans,kmeans_k3,2,1.0
2836,2,2,3,3,2,0,0,2,kmeans,kmeans_k3,2,1.0
8418,2,3,1,1,2,0,0,3,kmeans,kmeans_k3,2,1.0
1362,2,3,1,1,2,1,3,5,kmeans,kmeans_k3,2,1.0
7152,2,2,3,3,2,0,0,3,kmeans,kmeans_k3,2,1.0
10033,2,3,1,1,2,0,0,3,kmeans,kmeans_k3,2,1.0
9349,0,1,0,2,1,2,1,0,kmeans,kmeans_k3,0,1.0
274,2,2,3,3,2,0,0,3,kmeans,kmeans_k3,2,1.0
3388,1,0,2,4,2,1,3,5,kmeans,kmeans_k3,1,1.0
922,2,2,3,3,2,0,0,3,kmeans,kmeans_k3,2,1.0
8588,1,0,2,0,1,1,2,1,kmeans,kmeans_k3,1,1.0
2518,2,3,1,1,2,0,0,3,kmeans,kmeans_k3,2,1.0
574,2,3,1,1,2,0,0,3,kmeans,kmeans_k3,2,1.0
3220,2,3,1,4,2,1,0,1,kmeans,kmeans_k3,2,1.0
5967,2,2,3,3,2,0,0,3,kmeans,kmeans_k3,2,1.0
1183,2,2,3,3,2,0,0,2,kmeans,kmeans_k3,2,1.0
6856,2,3,1,4,2,0,0,3,kmeans,kmeans_k3,2,1.0
4530,0,1,0,2,1,2,1,5,kmeans,kmeans_k3,0,1.0
1553,0,1,0,2,1,2,1,0,kmeans,kmeans_k3,0,1.0
4682,0,1,0,2,1,1,1,5,kmeans,kmeans_k3,0,1.0
8204,0,1,0,2,1,2,1,0,kmeans,kmeans_k3,0,1.0
5221,1,0,2,0,1,1,2,1,kmeans,kmeans_k3,1,1.0
1232,0,1,0,2,1,2,1,0,kmeans,kmeans_k3,0,1.0
1927,0,1,0,2,1,2,3,5,kmeans,kmeans_k3,0,1.0
5788,1,0,2,4,2,1,3,1,kmeans,kmeans_k3,1,1.0
6652,0,1,0,2,1,2,1,0,kmeans,kmeans_k3,0,1.0
6246,0,1,0,2,1,2,1,0,kmeans,kmeans_k3,0,1.0
5975,1,2,3,3,2,0,0,4,kmeans,kmeans_k3,1,1.0
6875,1,0,2,4,1,1,3,1,kmeans,kmeans_k3,1,1.0
4399,0,1,0,2,1,2,1,0,kmeans,kmeans_k3,0,1.0
4042,1,0,2,4,2,1,2,1,kmeans,kmeans_k3,1,1.0
2157,2,3,1,1,2,0,0,3,kmeans,kmeans_k3,2,1.0
10133,0,1,0,2,1,2,1,5,kmeans,kmeans_k3,0,1.0
2525,0,3,1,4,1,1,1,5,kmeans,kmeans_k3,0,1.0
8233,1,0,2,0,1,1,2,1,kmeans,kmeans_k3,1,1.0
9483,0,1,0,2,1,1,3,5,kmeans,kmeans_k3,0,1.0
2945,1,2,3,3,2,0,0,4,kmeans,kmeans_k3,1,1.0
10403,2,3,1,1,2,0,0,3,kmeans,kmeans_k3,2,1.0
5074,2,2,3,3,2,0,0,3,kmeans,kmeans_k3,2,1.0
10524,0,1,0,2,1,1,3,1,kmeans,kmeans_k3,0,1.0
4690,1,0,2,0,1,1,2,1,kmeans,kmeans_k3,1,1.0
7521,0,1,0,2,1,2,1,0,kmeans,kmeans_k3,0,1.0
7196,2,2,3,3,2,0,0,2,kmeans,kmeans_k3,2,1.0
4406,0,0,2,0,1,2,3,5,kmeans,kmeans_k3,0,1.0
9672,2,3,1,1,2,0,0,3,kmeans,kmeans_k3,2,1.0
4864,1,0,2,4,2,1,2,1,kmeans,kmeans_k3,1,1.0
4706,1,2,3,3,2,0,0,3,kmeans,kmeans_k3,1,1.0
4070,0,0,2,4,1,2,3,5,kmeans,kmeans_k3,0,1.0
25,0,1,0,2,1,2,3,5,kmeans,kmeans_k3,0,1.0
3697,1,2,3,4,2,1,0,1,kmeans,kmeans_k3,1,1.0
217,0,1,0,2,1,2,1,0,kmeans,kmeans_k3,0,1.0
4220,1,0,2,0,2,1,2,3,kmeans,kmeans_k3,1,1.0
5286,1,0,2,4,2,1,3,1,kmeans,kmeans_k3,1,1.0
9559,1,0,2,0,1,1,2,1,kmeans,kmeans_k3,1,1.0
2849,0,0,2,4,1,1,3,5,kmeans,kmeans_k3,0,1.0
7787,1,0,2,0,1,1,2,1,kmeans,kmeans_k3,1,1.0
3102,2,3,1,1,2,0,0,3,kmeans,kmeans_k3,2,1.0
5868,2,3,1,1,2,0,0,3,kmeans,kmeans_k3,2,1.0
8370,0,1,0,2,1,2,3,5,kmeans,kmeans_k3,0,1.0
9988,1,0,2,0,1,1,3,1,kmeans,kmeans_k3,1,1.0
2939,0,1,0,2,1,2,1,0,kmeans,kmeans_k3,0,1.0
5529,1,0,2,0,1,1,2,1,kmeans,kmeans_k3,1,1.0
9743,1,0,2,0,1,2,3,5,kmeans,kmeans_k3,1,1.0
5763,1,0,2,4,1,1,3,1,kmeans,kmeans_k3,1,1.0
3478,1,0,2,4,1,1,3,1,kmeans,kmeans_k3,1,1.0
7494,1,0,2,0,1,1,2,1,kmeans,kmeans_k3,1,1.0
1763,0,1,0,2,1,2,1,0,kmeans,kmeans_k3,0,1.0
7250,1,0,2,0,1,1,3,1,kmeans,kmeans_k3,1,1.0
2005,2,2,3,3,2,0,0,3,kmeans,kmeans_k3,2,1.0
10770,0,1,0,2,1,1,1,5,kmeans,kmeans_k3,0,1.0
6885,1,2,3,3,2,0,0,3,kmeans,kmeans_k3,1,1.0
2072,1,0,2,0,1,2,2,5,kmeans,kmeans_k3,1,1.0
9463,1,0,2,0,1,2,3,5,kmeans,kmeans_k3,1,1.0
6318,0,1,0,2,1,2,1,0,kmeans,kmeans_k3,0,1.0
4093,1,0,2,4,1,1,2,1,kmeans,kmeans_k3,1,1.0
5751,2,3,1,1,2,0,0,3,kmeans,kmeans_k3,2,1.0
3340,1,0,2,4,1,1,2,1,kmeans,kmeans_k3,1,1.0
3594,1,0,2,0,1,1,2,1,kmeans,kmeans_k3,1,1.0
3584,0,0,2,0,1,2,1,5,kmeans,kmeans_k3,0,1.0
3643,0,1,0,2,1,2,1,0,kmeans,kmeans_k3,0,1.0
851,1,0,2,0,1,1,3,5,kmeans,kmeans_k3,1,1.0
7706,0,0,2,4,1,1,3,5,kmeans,kmeans_k3,0,1.0
3967,0,1,0,2,1,2,1,0,kmeans,kmeans_k3,0,1.0
10128,1,0,2,0,1,1,2,1,kmeans,kmeans_k3,1,1.0
486,0,1,0,2,1,2,1,0,kmeans,kmeans_k3,0,1.0
9,1,0,2,4,2,0,2,3,kmeans,kmeans_k3,1,1.0
9451,0,0,2,0,1,2,3,5,kmeans,kmeans_k3,0,1.0
9264,0,1,0,2,1,2,1,0,kmeans,kmeans_k3,0,1.0
3865,2,3,1,1,2,0,0,3,kmeans,kmeans_k3,2,1.0
2853,2,3,1,4,2,1,3,5,kmeans,kmeans_k3,2,1.0
1490,1,0,2,0,1,1,2,1,kmeans,kmeans_k3,1,1.0
6310,2,3,1,1,2,0,0,3,kmeans,kmeans_k3,2,1.0
10380,2,2,3,4,2,1,2,3,kmeans,kmeans_k3,2,1.0
3887,2,3,1,1,2,0,0,3,kmeans,kmeans_k3,2,1.0
4278,0,1,0,2,1,2,1,0,kmeans,kmeans_k3,0,1.0
8643,0,1,0,2,1,2,1,0,kmeans,kmeans_k3,0,1.0
1998,2,2,3,4,2,0,0,3,kmeans,kmeans_k3,2,1.0
10795,2,2,3,3,2,0,0,3,kmeans,kmeans_k3,2,1.0
11110,2,3,1,1,0,3,4,2,kmeans,kmeans_k3,2,1.0
2408,1,0,2,0,1,1,2,1,kmeans,kmeans_k3,1,1.0
202,0,1,0,2,1,2,1,5,kmeans,kmeans_k3,0,1.0
7998,1,0,2,4,2,1,0,3,kmeans,kmeans_k3,1,1.0
830,0,1,0,2,1,2,1,0,kmeans,kmeans_k3,0,1.0
3536,2,3,1,1,2,0,0,3,kmeans,kmeans_k3,2,1.0
6050,1,0,2,0,1,2,2,5,kmeans,kmeans_k3,1,1.0
125,1,0,2,0,1,1,2,1,kmeans,kmeans_k3,1,1.0
3463,1,0,2,0,1,1,3,1,kmeans,kmeans_k3,1,1.0
2804,1,0,2,4,2,0,2,3,kmeans,kmeans_k3,1,1.0
3745,2,3,1,1,2,0,0,3,kmeans,kmeans_k3,2,1.0
9771,2,0,2,4,2,1,3,1,kmeans,kmeans_k3,2,1.0
451,2,2,3,3,2,0,0,3,kmeans,kmeans_k3,2,1.0
10530,0,1,0,2,1,2,1,0,kmeans,kmeans_k3,0,1.0
1079,1,0,2,0,1,2,2,5,kmeans,kmeans_k3,1,1.0
8920,1,0,2,0,1,1,3,1,kmeans,kmeans_k3,1,1.0
6678,2,2,3,3,2,0,0,3,kmeans,kmeans_k3,2,1.0
3852,1,0,2,0,1,1,3,1,kmeans,kmeans_k3,1,1.0
528,0,1,0,2,1,2,1,0,kmeans,kmeans_k3,0,1.0
73,1,2,3,3,2,0,0,2,kmeans,kmeans_k3,1,1.0
5589,1,0,2,0,1,1,2,1,kmeans,kmeans_k3,1,1.0
10212,1,2,3,4,2,1,0,1,kmeans,kmeans_k3,1,1.0
6365,2,3,1,1,2,0,0,3,kmeans,kmeans_k3,2,1.0
5636,2,0,2,4,2,1,2,1,kmeans,kmeans_k3,2,1.0
591,1,0,2,0,1,1,3,1,kmeans,kmeans_k3,1,1.0
2217,2,2,3,3,2,0,0,2,kmeans,kmeans_k3,2,1.0
2544,0,2,3,3,2,1,0,3,kmeans,kmeans_k3,0,1.0
7725,0,1,0,2,1,2,1,0,kmeans,kmeans_k3,0,1.0
8091,0,1,0,2,1,2,3,5,kmeans,kmeans_k3,0,1.0
7321,0,1,0,2,1,2,1,0,kmeans,kmeans_k3,0,1.0
5462,1,0,2,0,1,2,3,1,kmeans,kmeans_k3,1,1.0
7791,2,2,3,3,2,0,0,3,kmeans,kmeans_k3,2,1.0
955,1,0,2,0,2,1,2,1,kmeans,kmeans_k3,1,1.0
4037,2,3,1,1,2,0,0,2,kmeans,kmeans_k3,2,1.0
6642,2,2,3,3,2,0,0,3,kmeans,kmeans_k3,2,1.0
2793,1,0,2,0,1,1,3,1,kmeans,kmeans_k3,1,1.0
5424,2,3,1,4,2,1,0,1,kmeans,kmeans_k3,2,1.0
879,1,0,2,0,1,1,2,1,kmeans,kmeans_k3,1,1.0
9530,2,3,1,1,2,0,0,2,kmeans,kmeans_k3,2,1.0
4828,0,1,0,2,1,2,3,5,kmeans,kmeans_k3,0,1.0
10699,1,2,3,4,2,0,0,3,kmeans,kmeans_k3,1,1.0
1497,1,0,2,0,1,1,2,1,kmeans,kmeans_k3,1,1.0
7476,1,0,2,0,1,2,3,5,kmeans,kmeans_k3,1,1.0
4390,0,1,0,2,1,2,3,5,kmeans,kmeans_k3,0,1.0
10478,1,0,2,0,1,1,2,1,kmeans,kmeans_k3,1,1.0
1081,1,0,2,0,1,3,3,5,kmeans,kmeans_k3,1,1.0
4261,0,0,2,0,1,2,1,0,kmeans,kmeans_k3,0,1.0
9916,1,2,3,3,2,0,0,3,kmeans,kmeans_k3,1,1.0
5350,0,1,0,2,1,2,1,0,kmeans,kmeans_k3,0,1.0
8135,2,3,1,1,2,0,0,3,kmeans,kmeans_k3,2,1.0
8685,1,0,2,4,1,1,2,1,kmeans,kmeans_k3,1,1.0
4967,1,0,2,0,1,1,2,1,kmeans,kmeans_k3,1,1.0
2130,2,2,3,4,2,1,2,1,kmeans,kmeans_k3,2,1.0
9298,0,1,0,2,1,2,1,0,kmeans,kmeans_k3,0,1.0
8175,2,2,3,4,2,1,2,1,kmeans,kmeans_k3,2,1.0
6257,1,0,2,4,1,1,3,1,kmeans,kmeans_k3,1,1.0
3790,2,2,3,3,2,0,0,2,kmeans,kmeans_k3,2,1.0
9952,0,1,0,2,1,2,1,0,kmeans,kmeans_k3,0,1.0
3503,0,1,0,2,1,2,1,0,kmeans,kmeans_k3,0,1.0
5223,2,2,3,3,2,0,0,3,kmeans,kmeans_k3,2,1.0
4608,0,1,0,2,1,2,1,0,kmeans,kmeans_k3,0,1.0
1626,2,2,3,3,2,0,0,3,kmeans,kmeans_k3,2,1.0
4764,2,3,1,4,2,1,3,3,kmeans,kmeans_k3,2,1.0
2471,0,1,0,2,2,1,3,5,kmeans,kmeans_k3,0,1.0
5892,1,0,2,0,2,1,2,1,kmeans,kmeans_k3,1,1.0
2612,0,1,0,2,1,2,1,0,kmeans,kmeans_k3,0,1.0
4971,1,0,2,0,2,1,2,1,kmeans,kmeans_k3,1,1.0
5185,0,1,0,2,1,2,1,0,kmeans,kmeans_k3,0,1.0
10069,2,3,1,1,2,0,0,3,kmeans,kmeans_k3,2,1.0
2262,1,0,2,0,1,1,2,1,kmeans,kmeans_k3,1,1.0
1131,1,2,3,3,2,1,2,4,kmeans,kmeans_k3,1,1.0
1041,1,0,2,0,1,1,2,1,kmeans,kmeans_k3,1,1.0
24,2,2,3,3,2,0,0,3,kmeans,kmeans_k3,2,1.0
3409,1,0,2,4,1,1,2,1,kmeans,kmeans_k3,1,1.0
7022,0,1,0,2,1,2,3,5,kmeans,kmeans_k3,0,1.0
7943,2,2,3,3,2,0,0,3,kmeans,kmeans_k3,2,1.0
5272,1,0,2,0,1,1,2,1,kmeans,kmeans_k3,1,1.0
5453,0,1,0,2,1,2,1,0,kmeans,kmeans_k3,0,1.0
2565,0,1,0,2,1,2,1,0,kmeans,kmeans_k3,0,1.0
800,1,2,3,3,2,0,0,3,kmeans,kmeans_k3,1,1.0
11092,2,2,3,3,2,0,0,3,kmeans,kmeans_k3,2,1.0
5062,1,2,3,3,2,0,0,4,kmeans,kmeans_k3,1,1.0
8969,0,1,0,2,1,2,3,5,kmeans,kmeans_k3,0,1.0
4656,1,0,2,4,1,1,3,1,kmeans,kmeans_k3,1,1.0
4480,1,0,2,0,1,1,2,1,kmeans,kmeans_k3,1,1.0
9971,1,0,2,0,1,1,3,1,kmeans,kmeans_k3,1,1.0
6729,0,1,0,2,1,2,1,0,kmeans,kmeans_k3,0,1.0
1773,2,3,1,1,2,0,0,3,kmeans,kmeans_k3,2,1.0
9242,0,1,0,2,1,2,1,0,kmeans,kmeans_k3,0,1.0
1764,1,0,2,4,2,1,3,1,kmeans,kmeans_k3,1,1.0
6215,2,2,3,3,2,0,0,3,kmeans,kmeans_k3,2,1.0
10099,0,1,0,2,1,1,3,5,kmeans,kmeans_k3,0,1.0
5423,2,2,3,3,2,0,0,2,kmeans,kmeans_k3,2,1.0
940,0,1,0,2,1,1,2,1,kmeans,kmeans_k3,0,1.0
3011,1,0,2,4,2,1,3,1,kmeans,kmeans_k3,1,1.0
3298,1,0,2,0,1,1,2,1,kmeans,kmeans_k3,1,1.0
8286,1,0,2,0,2,1,2,1,kmeans,kmeans_k3,1,1.0
9668,2,3,1,1,2,0,0,3,kmeans,kmeans_k3,2,1.0
5120,0,1,0,2,1,2,1,0,kmeans,kmeans_k3,0,1.0
6097,1,0,2,0,1,1,2,1,kmeans,kmeans_k3,1,1.0
7019,1,0,2,4,2,1,3,3,kmeans,kmeans_k3,1,1.0
7408,1,0,2,0,2,1,2,1,kmeans,kmeans_k3,1,1.0
8041,1,0,2,0,1,2,3,5,kmeans,kmeans_k3,1,1.0
252,0,3,1,4,1,1,3,5,kmeans,kmeans_k3,0,1.0
9986,2,2,3,4,2,0,0,3,kmeans,kmeans_k3,2,1.0
3276,2,3,1,4,2,0,0,3,kmeans,kmeans_k3,2,1.0
3859,0,1,0,2,1,1,3,5,kmeans,kmeans_k3,0,1.0
3570,1,0,2,0,2,1,2,1,kmeans,kmeans_k3,1,1.0
3783,1,2,3,3,2,1,2,1,kmeans,kmeans_k3,1,1.0
10207,2,2,3,3,2,0,0,2,kmeans,kmeans_k3,2,1.0
10906,1,0,2,0,1,1,2,1,kmeans,kmeans_k3,1,1.0
3427,1,0,2,0,1,1,2,1,kmeans,kmeans_k3,1,1.0
5209,1,0,2,0,1,1,2,1,kmeans,kmeans_k3,1,1.0
10711,0,1,0,2,1,2,1,0,kmeans,kmeans_k3,0,1.0
10785,1,2,3,3,2,0,0,3,kmeans,kmeans_k3,1,1.0
2814,2,3,1,1,2,0,0,3,kmeans,kmeans_k3,2,1.0
6866,2,2,3,3,2,0,0,3,kmeans,kmeans_k3,2,1.0
1665,1,0,2,0,1,2,2,5,kmeans,kmeans_k3,1,1.0
6575,1,0,2,4,1,1,3,1,kmeans,kmeans_k3,1,1.0
3829,2,3,1,1,2,0,0,3,kmeans,kmeans_k3,2,1.0
3091,0,1,0,2,1,2,3,5,kmeans,kmeans_k3,0,1.0
10141,2,2,3,3,2,0,0,2,kmeans,kmeans_k3,2,1.0
5177,1,0,2,0,1,1,2,1,kmeans,kmeans_k3,1,1.0
7005,0,1,0,2,1,2,1,0,kmeans,kmeans_k3,0,1.0
6409,0,1,0,2,1,2,1,0,kmeans,kmeans_k3,0,1.0
7485,1,2,3,3,2,1,0,1,kmeans,kmeans_k3,1,1.0
8079,2,3,1,1,2,0,0,3,kmeans,kmeans_k3,2,1.0
8395,0,1,0,2,1,2,1,5,kmeans,kmeans_k3,0,1.0
10352,1,0,2,4,2,1,2,1,kmeans,kmeans_k3,1,1.0
4931,0,1,0,2,0,3,1,5,kmeans,kmeans_k3,0,1.0
13,2,2,3,3,2,0,0,3,kmeans,kmeans_k3,2,1.0
1834,2,2,3,3,2,0,0,3,kmeans,kmeans_k3,2,1.0
2285,1,0,2,0,1,1,2,1,kmeans,kmeans_k3,1,1.0
2295,1,0,2,0,1,1,3,1,kmeans,kmeans_k3,1,1.0
1378,1,0,2,4,1,1,3,1,kmeans,kmeans_k3,1,1.0
2781,0,1,0,2,1,2,1,0,kmeans,kmeans_k3,0,1.0
1165,1,0,2,0,1,1,3,1,kmeans,kmeans_k3,1,1.0
1404,2,0,2,4,2,1,3,1,kmeans,kmeans_k3,2,1.0
6457,0,1,0,2,1,1,2,1,kmeans,kmeans_k3,0,1.0
2639,2,3,1,4,2,0,0,3,kmeans,kmeans_k3,2,1.0
8299,2,2,3,3,2,0,0,3,kmeans,kmeans_k3,2,1.0
6437,2,3,1,1,2,0,0,3,kmeans,kmeans_k3,2,1.0
6912,1,0,2,0,1,1,3,1,kmeans,kmeans_k3,1,1.0
7327,2,2,3,3,2,0,0,3,kmeans,kmeans_k3,2,1.0
5299,1,0,2,0,1,2,3,5,kmeans,kmeans_k3,1,1.0
4127,0,0,2,0,1,2,3,1,kmeans,kmeans_k3,0,1.0
8143,1,0,2,0,1,1,2,1,kmeans,kmeans_k3,1,1.0
1964,0,1,0,2,1,2,1,0,kmeans,kmeans_k3,0,1.0
3690,0,1,0,2,1,2,1,0,kmeans,kmeans_k3,0,1.0
3433,0,1,0,2,1,2,1,0,kmeans,kmeans_k3,0,1.0
3389,0,1,0,2,1,2,3,1,kmeans,kmeans_k3,0,1.0
4712,2,3,1,1,2,0,0,3,kmeans,kmeans_k3,2,1.0
1170,2,3,1,4,2,1,3,1,kmeans,kmeans_k3,2,1.0
6347,2,3,1,1,2,0,0,3,kmeans,kmeans_k3,2,1.0
4065,1,0,2,0,1,1,2,1,kmeans,kmeans_k3,1,1.0
8230,2,2,3,3,2,0,0,3,kmeans,kmeans_k3,2,1.0
1215,0,1,0,2,1,2,1,0,kmeans,kmeans_k3,0,1.0
5939,2,2,3,4,2,0,0,3,kmeans,kmeans_k3,2,1.0
2156,1,2,3,3,2,0,0,3,kmeans,kmeans_k3,1,1.0
7788,2,2,3,3,2,0,0,2,kmeans,kmeans_k3,2,1.0
10323,1,0,2,0,1,1,2,1,kmeans,kmeans_k3,1,1.0
7947,1,2,3,3,2,0,0,3,kmeans,kmeans_k3,1,1.0
1891,0,1,0,2,1,2,1,0,kmeans,kmeans_k3,0,1.0
2570,1,0,2,0,1,1,2,1,kmeans,kmeans_k3,1,1.0
9256,1,0,2,0,1,1,3,1,kmeans,kmeans_k3,1,1.0
295,0,1,0,2,1,2,1,0,kmeans,kmeans_k3,0,1.0
7397,1,0,2,0,1,1,2,1,kmeans,kmeans_k3,1,1.0
6349,0,1,0,2,1,2,1,0,kmeans,kmeans_k3,0,1.0
10790,2,2,3,3,2,0,0,2,kmeans,kmeans_k3,2,1.0
10398,2,3,1,1,2,0,0,2,kmeans,kmeans_k3,2,1.0
2431,2,3,1,1,2,0,0,3,kmeans,kmeans_k3,2,1.0
550,0,1,0,2,1,1,3,5,kmeans,kmeans_k3,0,1.0
1890,2,2,3,3,2,0,0,2,kmeans,kmeans_k3,2,1.0
10742,0,1,0,2,1,2,1,5,kmeans,kmeans_k3,0,1.0
10356,1,2,3,3,2,0,0,4,kmeans,kmeans_k3,1,1.0
4676,0,1,0,2,1,2,3,5,kmeans,kmeans_k3,0,1.0
8852,0,0,2,4,1,1,3,5,kmeans,kmeans_k3,0,1.0
3565,1,2,3,3,2,0,0,4,kmeans,kmeans_k3,1,1.0
5294,2,3,1,1,2,0,0,3,kmeans,kmeans_k3,2,1.0
1958,1,0,2,0,1,1,2,1,kmeans,kmeans_k3,1,1.0
7349,2,3,1,1,2,0,0,3,kmeans,kmeans_k3,2,1.0
8799,1,2,3,4,2,1,2,1,kmeans,kmeans_k3,1,1.0
1351,1,0,2,0,1,2,2,1,kmeans,kmeans_k3,1,1.0
1045,1,0,2,4,1,1,3,1,kmeans,kmeans_k3,1,1.0
7732,0,0,2,4,1,1,3,5,kmeans,kmeans_k3,0,1.0
8070,1,0,2,0,1,1,3,1,kmeans,kmeans_k3,1,1.0
477,0,1,0,2,1,2,1,0,kmeans,kmeans_k3,0,1.0
7832,0,0,0,0,1,2,3,5,kmeans,kmeans_k3,0,1.0
2202,2,2,3,3,2,0,0,3,kmeans,kmeans_k3,2,1.0
7396,0,1,0,2,1,2,1,0,kmeans,kmeans_k3,0,1.0
4055,2,3,1,1,2,0,0,3,kmeans,kmeans_k3,2,1.0
10340,2,3,1,4,1,1,3,1,kmeans,kmeans_k3,2,1.0
10091,0,0,2,0,1,2,3,5,kmeans,kmeans_k3,0,1.0
7629,2,3,1,1,2,0,0,3,kmeans,kmeans_k3,2,1.0
10640,1,2,3,4,2,1,2,1,kmeans,kmeans_k3,1,1.0
3498,1,0,2,0,1,1,3,1,kmeans,kmeans_k3,1,1.0
6742,2,3,1,1,2,0,0,2,kmeans,kmeans_k3,2,1.0
1172,0,1,0,2,1,2,1,0,kmeans,kmeans_k3,0,1.0
569,0,1,0,2,1,2,1,0,kmeans,kmeans_k3,0,1.0
4686,0,1,0,2,1,2,1,5,kmeans,kmeans_k3,0,1.0
1381,1,0,2,4,1,1,2,1,kmeans,kmeans_k3,1,1.0
2634,2,3,1,1,2,0,0,3,kmeans,kmeans_k3,2,1.0
10905,1,0,2,0,1,1,2,1,kmeans,kmeans_k3,1,1.0
1744,2,3,1,1,2,0,0,3,kmeans,kmeans_k3,2,1.0
1000,1,0,2,0,1,1,3,1,kmeans,kmeans_k3,1,1.0
3828,0,1,0,2,1,1,3,5,kmeans,kmeans_k3,0,1.0
8605,1,2,3,3,2,0,0,4,kmeans,kmeans_k3,1,1.0
10304,2,3,1,1,2,0,0,3,kmeans,kmeans_k3,2,1.0
4351,2,2,3,3,2,0,0,3,kmeans,kmeans_k3,2,1.0
10129,0,1,0,2,1,2,1,0,kmeans,kmeans_k3,0,1.0
2499,0,1,0,2,1,1,3,5,kmeans,kmeans_k3,0,1.0
10092,0,0,2,0,1,2,3,5,kmeans,kmeans_k3,0,1.0
7500,1,0,2,4,1,1,3,1,kmeans,kmeans_k3,1,1.0
5796,0,1,0,2,1,2,1,0,kmeans,kmeans_k3,0,1.0
10556,1,0,2,4,1,1,3,1,kmeans,kmeans_k3,1,1.0
1064,2,2,3,3,2,0,0,3,kmeans,kmeans_k3,2,1.0
48,1,0,2,0,2,1,2,1,kmeans,kmeans_k3,1,1.0
7610,1,0,2,0,1,1,2,1,kmeans,kmeans_k3,1,1.0
263,1,0,2,4,2,1,0,3,kmeans,kmeans_k3,1,1.0
10814,0,1,0,2,1,2,1,0,kmeans,kmeans_k3,0,1.0
9710,1,0,2,0,1,1,2,1,kmeans,kmeans_k3,1,1.0
9292,0,1,0,2,1,2,1,0,kmeans,kmeans_k3,0,1.0
10250,2,3,1,1,2,0,0,2,kmeans,kmeans_k3,2,1.0
7881,0,1,0,2,1,2,1,0,kmeans,kmeans_k3,0,1.0
5847,0,0,2,4,1,1,3,5,kmeans,kmeans_k3,0,1.0
737,0,1,0,2,1,2,1,5,kmeans,kmeans_k3,0,1.0
3571,1,0,2,0,1,2,2,5,kmeans,kmeans_k3,1,1.0
7807,1,0,2,4,1,1,3,1,kmeans,kmeans_k3,1,1.0
3878,2,3,1,1,2,0,0,3,kmeans,kmeans_k3,2,1.0
5092,1,0,2,0,1,1,2,1,kmeans,kmeans_k3,1,1.0
2154,2,2,3,3,2,0,0,3,kmeans,kmeans_k3,2,1.0
5394,2,3,1,1,2,0,0,3,kmeans,kmeans_k3,2,1.0
3798,2,2,3,4,2,0,0,3,kmeans,kmeans_k3,2,1.0
3524,1,0,2,4,2,1,2,1,kmeans,kmeans_k3,1,1.0
5247,1,2,3,3,2,0,0,3,kmeans,kmeans_k3,1,1.0
5883,0,1,0,2,1,1,3,5,kmeans,kmeans_k3,0,1.0
2118,0,1,0,4,1,1,3,5,kmeans,kmeans_k3,0,1.0
8812,2,3,1,1,2,0,0,3,kmeans,kmeans_k3,2,1.0
6616,0,1,0,2,1,1,3,5,kmeans,kmeans_k3,0,1.0
2797,0,0,2,0,1,1,3,1,kmeans,kmeans_k3,0,1.0
4328,2,3,1,1,2,0,0,3,kmeans,kmeans_k3,2,1.0
9167,1,0,2,0,1,1,3,1,kmeans,kmeans_k3,1,1.0
10560,2,2,3,3,2,0,0,3,kmeans,kmeans_k3,2,1.0
2631,0,1,0,2,1,2,1,0,kmeans,kmeans_k3,0,1.0
8312,2,3,1,1,2,0,0,3,kmeans,kmeans_k3,2,1.0
5534,1,0,2,4,2,1,2,1,kmeans,kmeans_k3,1,1.0
5093,2,2,3,4,2,0,0,3,kmeans,kmeans_k3,2,1.0
7592,1,0,2,4,2,1,2,1,kmeans,kmeans_k3,1,1.0
8895,0,1,0,2,1,2,1,0,kmeans,kmeans_k3,0,1.0
8584,0,1,0,2,1,2,1,0,kmeans,kmeans_k3,0,1.0
2694,1,2,3,3,2,0,0,4,kmeans,kmeans_k3,1,1.0
8910,1,0,2,0,1,1,2,1,kmeans,kmeans_k3,1,1.0
7433,2,2,3,4,2,1,2,1,kmeans,kmeans_k3,2,1.0
164,1,0,2,0,2,1,2,1,kmeans,kmeans_k3,1,1.0
10477,1,0,2,4,2,1,2,1,kmeans,kmeans_k3,1,1.0
2681,0,1,0,2,1,2,1,5,kmeans,kmeans_k3,0,1.0
5150,2,3,1,1,2,0,0,3,kmeans,kmeans_k3,2,1.0
5283,1,2,3,3,2,1,2,1,kmeans,kmeans_k3,1,1.0
9645,0,0,2,0,1,2,1,0,kmeans,kmeans_k3,0,1.0
10678,1,0,2,0,1,1,2,1,kmeans,kmeans_k3,1,1.0
7261,1,0,2,0,1,1,3,1,kmeans,kmeans_k3,1,1.0
9648,1,0,2,4,2,1,2,1,kmeans,kmeans_k3,1,1.0
2870,1,0,2,0,1,1,2,1,kmeans,kmeans_k3,1,1.0
8008,2,2,3,3,2,1,0,3,kmeans,kmeans_k3,2,1.0
1513,1,0,2,0,1,3,3,5,kmeans,kmeans_k3,1,1.0
6173,0,1,0,2,1,1,3,5,kmeans,kmeans_k3,0,1.0
1419,2,3,1,1,2,0,0,3,kmeans,kmeans_k3,2,1.0
9150,1,2,3,3,2,0,0,4,kmeans,kmeans_k3,1,1.0
7960,0,1,0,2,1,2,1,0,kmeans,kmeans_k3,0,1.0
1250,2,2,3,4,2,0,0,3,kmeans,kmeans_k3,2,1.0
9905,1,0,2,0,2,1,2,1,kmeans,kmeans_k3,1,1.0
10691,2,2,3,3,2,0,0,3,kmeans,kmeans_k3,2,1.0
7002,0,1,0,2,1,1,3,5,kmeans,kmeans_k3,0,1.0
2952,2,2,3,4,2,0,0,3,kmeans,kmeans_k3,2,1.0
8439,1,0,2,0,1,2,3,5,kmeans,kmeans_k3,1,1.0
762,0,1,0,2,1,2,3,5,kmeans,kmeans_k3,0,1.0
2831,0,1,0,2,1,2,3,1,kmeans,kmeans_k3,0,1.0
6977,0,0,2,0,1,2,3,5,kmeans,kmeans_k3,0,1.0
6289,1,0,2,0,2,1,2,1,kmeans,kmeans_k3,1,1.0
4168,1,0,2,4,1,1,2,1,kmeans,kmeans_k3,1,1.0
8397,1,2,3,3,2,0,0,3,kmeans,kmeans_k3,1,1.0
9284,1,0,2,0,1,1,2,1,kmeans,kmeans_k3,1,1.0
6237,1,3,1,4,0,3,4,3,kmeans,kmeans_k3,1,1.0
3130,2,3,1,1,2,0,0,3,kmeans,kmeans_k3,2,1.0
1619,0,1,0,2,1,2,1,0,kmeans,kmeans_k3,0,1.0
1990,0,1,0,2,1,2,1,0,kmeans,kmeans_k3,0,1.0
5513,1,2,3,3,2,0,0,3,kmeans,kmeans_k3,1,1.0
269,1,0,2,0,1,2,2,5,kmeans,kmeans_k3,1,1.0
8093,0,1,0,2,1,2,1,0,kmeans,kmeans_k3,0,1.0
10513,0,1,0,2,1,2,1,5,kmeans,kmeans_k3,0,1.0
10177,0,1,0,2,1,2,3,5,kmeans,kmeans_k3,0,1.0
2549,2,2,3,3,2,0,0,4,kmeans,kmeans_k3,2,1.0
5782,1,0,2,0,1,1,3,5,kmeans,kmeans_k3,1,1.0
10057,0,1,0,2,1,2,1,0,kmeans,kmeans_k3,0,1.0
10307,1,0,2,0,1,1,2,1,kmeans,kmeans_k3,1,1.0
8566,2,2,3,3,2,0,0,2,kmeans,kmeans_k3,2,1.0
2415,0,1,0,2,1,2,3,5,kmeans,kmeans_k3,0,1.0
5684,1,2,3,3,2,0,0,4,kmeans,kmeans_k3,1,1.0
8334,1,2,3,3,2,1,2,1,kmeans,kmeans_k3,1,1.0
9166,0,1,0,2,1,1,3,1,kmeans,kmeans_k3,0,1.0
1440,0,0,2,4,1,1,1,5,kmeans,kmeans_k3,0,1.0
78,2,2,3,3,2,0,0,3,kmeans,kmeans_k3,2,1.0
5441,1,0,2,0,1,1,2,1,kmeans,kmeans_k3,1,1.0
5302,0,1,0,2,1,2,1,0,kmeans,kmeans_k3,0,1.0
4687,0,1,0,2,1,2,1,0,kmeans,kmeans_k3,0,1.0
1087,2,3,1,1,2,1,0,3,kmeans,kmeans_k3,2,1.0
6859,2,3,1,4,2,0,0,3,kmeans,kmeans_k3,2,1.0
9860,1,0,2,0,2,1,2,1,kmeans,kmeans_k3,1,1.0
7129,1,0,2,0,1,1,2,1,kmeans,kmeans_k3,1,1.0
5866,1,0,2,4,2,1,2,1,kmeans,kmeans_k3,1,1.0
10521,2,2,3,3,2,1,2,1,kmeans,kmeans_k3,2,1.0
7393,1,2,3,3,2,1,0,3,kmeans,kmeans_k3,1,1.0
7849,0,1,0,2,1,2,1,0,kmeans,kmeans_k3,0,1.0
332,1,0,2,0,1,1,2,1,kmeans,kmeans_k3,1,1.0
9847,1,0,2,0,1,1,2,1,kmeans,kmeans_k3,1,1.0
531,1,0,2,0,1,2,3,5,kmeans,kmeans_k3,1,1.0
9576,1,2,3,4,2,1,2,1,kmeans,kmeans_k3,1,1.0
6906,0,1,0,2,1,2,1,0,kmeans,kmeans_k3,0,1.0
7419,2,2,3,3,2,0,0,3,kmeans,kmeans_k3,2,1.0
3170,0,1,0,2,1,2,1,0,kmeans,kmeans_k3,0,1.0
8527,1,0,2,0,1,1,2,1,kmeans,kmeans_k3,1,1.0
7872,0,1,0,2,1,2,1,5,kmeans,kmeans_k3,0,1.0
9931,2,2,3,3,0,3,4,2,kmeans,kmeans_k3,2,1.0
10595,2,3,1,1,2,0,0,3,kmeans,kmeans_k3,2,1.0
4609,1,0,2,0,1,1,2,1,kmeans,kmeans_k3,1,1.0
5010,2,3,1,1,2,0,0,3,kmeans,kmeans_k3,2,1.0
4427,0,1,0,2,1,2,1,0,kmeans,kmeans_k3,0,1.0
11148,2,3,1,1,2,0,0,2,kmeans,kmeans_k3,2,1.0
1168,0,1,0,2,1,2,1,0,kmeans,kmeans_k3,0,1.0
9595,0,1,0,2,1,2,1,0,kmeans,kmeans_k3,0,1.0
10163,0,1,0,2,1,2,1,0,kmeans,kmeans_k3,0,1.0
2886,1,0,2,0,1,1,2,1,kmeans,kmeans_k3,1,1.0
6710,1,2,3,3,2,0,0,3,kmeans,kmeans_k3,1,1.0
5316,2,2,3,3,2,0,0,3,kmeans,kmeans_k3,2,1.0
9029,0,1,0,2,1,2,1,0,kmeans,kmeans_k3,0,1.0
521,1,0,2,4,1,1,3,5,kmeans,kmeans_k3,1,1.0
1459,1,0,2,0,1,2,3,5,kmeans,kmeans_k3,1,1.0
10241,2,3,1,1,2,0,0,2,kmeans,kmeans_k3,2,1.0
1630,0,1,0,2,1,1,3,5,kmeans,kmeans_k3,0,1.0
3254,0,1,0,2,1,2,3,5,kmeans,kmeans_k3,0,1.0
9064,0,1,0,2,1,2,1,0,kmeans,kmeans_k3,0,1.0
3678,1,0,2,0,1,1,2,1,kmeans,kmeans_k3,1,1.0
4227,1,2,3,3,2,0,0,3,kmeans,kmeans_k3,1,1.0
9467,2,2,3,3,2,0,0,3,kmeans,kmeans_k3,2,1.0
8486,1,0,2,0,1,1,2,1,kmeans,kmeans_k3,1,1.0
2186,0,1,0,2,1,2,1,0,kmeans,kmeans_k3,0,1.0
3286,2,2,3,3,2,0,0,3,kmeans,kmeans_k3,2,1.0
8602,0,1,0,2,1,1,3,5,kmeans,kmeans_k3,0,1.0
3722,1,2,3,3,2,0,0,3,kmeans,kmeans_k3,1,1.0
6715,1,0,2,0,1,1,2,1,kmeans,kmeans_k3,1,1.0
4796,2,3,1,1,2,0,0,3,kmeans,kmeans_k3,2,1.0
9612,2,3,1,1,2,0,0,3,kmeans,kmeans_k3,2,1.0
3766,2,3,1,4,1,1,3,1,kmeans,kmeans_k3,2,1.0
1399,0,1,0,2,1,2,1,0,kmeans,kmeans_k3,0,1.0
1570,0,0,2,0,1,1,3,1,kmeans,kmeans_k3,0,1.0
3426,1,0,2,0,1,2,2,5,kmeans,kmeans_k3,1,1.0
3074,0,1,0,2,1,2,1,0,kmeans,kmeans_k3,0,1.0
8341,2,2,3,3,2,0,0,3,kmeans,kmeans_k3,2,1.0
5180,1,0,2,0,2,1,2,1,kmeans,kmeans_k3,1,1.0
6461,0,1,0,2,1,1,3,1,kmeans,kmeans_k3,0,1.0
7679,2,3,1,1,2,0,0,3,kmeans,kmeans_k3,2,1.0
10702,1,0,2,4,1,1,3,5,kmeans,kmeans_k3,1,1.0
7505,1,2,3,3,2,0,0,3,kmeans,kmeans_k3,1,1.0
5113,0,1,0,2,1,2,1,0,kmeans,kmeans_k3,0,1.0
10858,0,0,2,0,1,1,3,5,kmeans,kmeans_k3,0,1.0
2961,1,0,2,4,1,1,3,1,kmeans,kmeans_k3,1,1.0
2747,0,1,0,2,1,2,1,0,kmeans,kmeans_k3,0,1.0
3010,0,1,0,2,1,2,1,0,kmeans,kmeans_k3,0,1.0
5790,2,3,1,1,2,0,0,3,kmeans,kmeans_k3,2,1.0
6892,1,0,2,0,1,1,2,1,kmeans,kmeans_k3,1,1.0
1743,0,1,0,2,1,2,1,5,kmeans,kmeans_k3,0,1.0
3578,1,0,2,0,2,1,3,1,kmeans,kmeans_k3,1,1.0
8462,2,3,1,1,2,0,0,3,kmeans,kmeans_k3,2,1.0
5558,0,1,0,2,1,2,1,0,kmeans,kmeans_k3,0,1.0
4619,0,3,1,4,0,3,4,3,kmeans,kmeans_k3,0,1.0
8780,1,0,2,0,1,1,2,1,kmeans,kmeans_k3,1,1.0
10789,1,2,3,3,2,0,0,3,kmeans,kmeans_k3,1,1.0
10779,2,3,1,1,2,0,0,3,kmeans,kmeans_k3,2,1.0
5896,0,1,0,2,1,1,1,1,kmeans,kmeans_k3,0,1.0
2337,2,2,3,4,2,0,0,3,kmeans,kmeans_k3,2,1.0
10951,1,0,2,0,1,1,2,1,kmeans,kmeans_k3,1,1.0
544,0,1,0,2,1,2,1,0,kmeans,kmeans_k3,0,1.0
17,0,1,0,2,1,2,3,1,kmeans,kmeans_k3,0,1.0
10680,1,2,3,3,2,0,0,3,kmeans,kmeans_k3,1,1.0
3265,2,2,3,3,2,0,0,3,kmeans,kmeans_k3,2,1.0
5623,2,2,3,4,2,0,0,3,kmeans,kmeans_k3,2,1.0
5832,0,1,0,2,1,2,1,5,kmeans,kmeans_k3,0,1.0
5544,0,0,2,0,1,2,3,5,kmeans,kmeans_k3,0,1.0
6417,0,1,0,2,1,2,1,0,kmeans,kmeans_k3,0,1.0
5831,0,0,2,0,1,2,2,5,kmeans,kmeans_k3,0,1.0
7101,1,0,2,0,1,1,2,1,kmeans,kmeans_k3,1,1.0
10176,1,0,2,4,1,3,3,5,kmeans,kmeans_k3,1,1.0
2326,2,3,1,1,2,0,0,3,kmeans,kmeans_k3,2,1.0
4385,2,2,3,4,2,0,0,3,kmeans,kmeans_k3,2,1.0
2929,2,3,1,1,2,0,0,3,kmeans,kmeans_k3,2,1.0
10686,1,2,3,3,2,0,0,2,kmeans,kmeans_k3,1,1.0
2546,2,3,1,1,2,0,0,3,kmeans,kmeans_k3,2,1.0
3283,0,1,0,2,1,1,3,5,kmeans,kmeans_k3,0,1.0
3138,0,1,0,0,1,2,1,5,kmeans,kmeans_k3,0,1.0
4994,0,1,0,2,1,2,1,0,kmeans,kmeans_k3,0,1.0
7966,0,0,2,0,1,1,3,5,kmeans,kmeans_k3,0,1.0
3112,2,3,1,1,2,0,0,3,kmeans,kmeans_k3,2,1.0
10872,1,0,2,0,1,2,2,5,kmeans,kmeans_k3,1,1.0
2181,0,1,0,2,1,2,1,0,kmeans,kmeans_k3,0,1.0
1867,0,0,2,0,1,2,1,0,kmeans,kmeans_k3,0,1.0
1518,1,0,2,0,1,1,3,5,kmeans,kmeans_k3,1,1.0
5734,1,2,3,3,2,0,0,3,kmeans,kmeans_k3,1,1.0
2878,0,1,0,2,1,1,3,1,kmeans,kmeans_k3,0,1.0
1458,2,3,1,4,2,0,0,3,kmeans,kmeans_k3,2,1.0
7007,2,2,3,4,2,0,0,3,kmeans,kmeans_k3,2,1.0
6200,0,1,0,2,1,1,3,5,kmeans,kmeans_k3,0,1.0
1403,2,3,3,1,2,0,0,3,kmeans,kmeans_k3,2,1.0
4827,0,1,0,2,1,1,3,1,kmeans,kmeans_k3,0,1.0
6250,1,0,2,0,1,1,2,1,kmeans,kmeans_k3,1,1.0
9291,2,2,3,3,2,0,0,2,kmeans,kmeans_k3,2,1.0
2478,2,3,1,1,2,0,0,3,kmeans,kmeans_k3,2,1.0
1139,0,1,0,2,1,2,1,0,kmeans,kmeans_k3,0,1.0
5138,2,2,3,3,2,0,0,3,kmeans,kmeans_k3,2,1.0
5393,2,2,3,3,2,0,0,3,kmeans,kmeans_k3,2,1.0
10413,0,1,0,2,1,2,1,0,kmeans,kmeans_k3,0,1.0
5015,1,0,2,4,2,1,2,1,kmeans,kmeans_k3,1,1.0
10868,0,1,0,2,1,2,1,5,kmeans,kmeans_k3,0,1.0
10676,0,1,0,2,1,2,1,5,kmeans,kmeans_k3,0,1.0
2495,0,1,0,2,1,2,3,5,kmeans,kmeans_k3,0,1.0
7842,2,2,3,4,2,0,0,3,kmeans,kmeans_k3,2,1.0
9955,1,2,3,4,2,1,0,1,kmeans,kmeans_k3,1,1.0
6663,1,0,2,0,2,1,2,1,kmeans,kmeans_k3,1,1.0
2162,0,1,0,2,1,1,3,1,kmeans,kmeans_k3,0,1.0
3434,0,1,0,2,1,2,1,0,kmeans,kmeans_k3,0,1.0
7919,0,0,2,0,1,2,1,0,kmeans,kmeans_k3,0,1.0
5626,1,0,2,0,1,1,1,1,kmeans,kmeans_k3,1,1.0
6428,0,1,0,2,1,2,1,0,kmeans,kmeans_k3,0,1.0
8514,2,2,3,3,2,0,0,3,kmeans,kmeans_k3,2,1.0
10448,1,0,2,4,1,1,3,5,kmeans,kmeans_k3,1,1.0
2109,0,1,0,2,1,2,1,0,kmeans,kmeans_k3,0,1.0
7530,1,2,3,3,2,1,0,1,kmeans,kmeans_k3,1,1.0
8925,0,0,2,0,1,1,3,5,kmeans,kmeans_k3,0,1.0
3009,1,0,2,0,1,2,1,0,kmeans,kmeans_k3,1,1.0
6355,2,2,3,3,2,0,0,3,kmeans,kmeans_k3,2,1.0
3517,1,2,3,4,2,1,2,1,kmeans,kmeans_k3,1,1.0
1158,1,2,3,3,2,1,2,1,kmeans,kmeans_k3,1,1.0
6203,0,1,0,2,1,2,1,0,kmeans,kmeans_k3,0,1.0
7165,1,0,2,0,1,1,3,1,kmeans,kmeans_k3,1,1.0
3595,0,1,0,2,1,1,3,1,kmeans,kmeans_k3,0,1.0
8537,0,1,0,2,1,2,1,0,kmeans,kmeans_k3,0,1.0
4331,0,1,0,2,1,2,1,0,kmeans,kmeans_k3,0,1.0
6281,1,0,2,0,1,2,3,5,kmeans,kmeans_k3,1,1.0
4338,2,2,3,3,2,0,0,3,kmeans,kmeans_k3,2,1.0
2452,1,0,2,0,1,1,3,1,kmeans,kmeans_k3,1,1.0
9507,1,0,2,0,1,1,3,1,kmeans,kmeans_k3,1,1.0
8360,1,2,3,3,2,1,3,1,kmeans,kmeans_k3,1,1.0
10311,2,3,1,4,0,3,4,3,kmeans,kmeans_k3,2,1.0
5117,0,3,1,1,2,1,3,5,kmeans,kmeans_k3,0,1.0
4867,1,2,3,3,2,0,2,3,kmeans,kmeans_k3,1,1.0
9289,2,2,3,4,2,0,0,3,kmeans,kmeans_k3,2,1.0
10913,2,3,1,1,2,0,0,2,kmeans,kmeans_k3,2,1.0
3032,2,3,1,4,2,1,3,3,kmeans,kmeans_k3,2,1.0
8524,2,2,3,4,2,0,0,3,kmeans,kmeans_k3,2,1.0
3334,0,1,0,2,1,2,1,5,kmeans,kmeans_k3,0,1.0
4470,1,2,3,3,2,1,2,1,kmeans,kmeans_k3,1,1.0
1406,1,0,2,0,1,1,2,1,kmeans,kmeans_k3,1,1.0
8619,2,2,3,3,2,0,0,2,kmeans,kmeans_k3,2,1.0
10821,1,0,2,0,2,1,2,1,kmeans,kmeans_k3,1,1.0
4552,0,1,0,2,1,1,3,1,kmeans,kmeans_k3,0,1.0
898,2,3,1,4,2,1,0,3,kmeans,kmeans_k3,2,1.0
9797,0,1,0,2,1,1,3,1,kmeans,kmeans_k3,0,1.0
10949,0,1,0,2,1,2,1,0,kmeans,kmeans_k3,0,1.0
8212,1,0,2,4,2,1,3,1,kmeans,kmeans_k3,1,1.0
6248,0,1,0,2,1,2,1,5,kmeans,kmeans_k3,0,1.0
10164,0,1,0,2,1,2,3,5,kmeans,kmeans_k3,0,1.0
4547,2,2,3,3,2,0,0,3,kmeans,kmeans_k3,2,1.0
6815,0,1,0,2,1,2,1,5,kmeans,kmeans_k3,0,1.0
4122,0,1,0,2,1,2,1,0,kmeans,kmeans_k3,0,1.0
10841,0,0,2,2,1,1,3,1,kmeans,kmeans_k3,0,1.0
5370,1,0,2,4,1,1,2,1,kmeans,kmeans_k3,1,1.0
176,2,3,1,4,1,1,3,5,kmeans,kmeans_k3,2,1.0
4860,2,3,1,1,2,0,0,3,kmeans,kmeans_k3,2,1.0
10757,2,2,3,3,2,0,0,2,kmeans,kmeans_k3,2,1.0
4023,2,3,1,1,2,0,0,3,kmeans,kmeans_k3,2,1.0
6679,2,2,3,3,2,0,0,2,kmeans,kmeans_k3,2,1.0
9923,1,2,3,3,2,0,2,4,kmeans,kmeans_k3,1,1.0
7181,1,2,3,3,2,0,0,3,kmeans,kmeans_k3,1,1.0
3599,0,0,2,2,1,2,3,5,kmeans,kmeans_k3,0,1.0
405,1,0,2,0,1,1,2,1,kmeans,kmeans_k3,1,1.0
6870,1,0,2,0,1,1,3,1,kmeans,kmeans_k3,1,1.0
832,1,0,2,0,1,1,2,1,kmeans,kmeans_k3,1,1.0
2002,0,1,0,2,1,2,1,0,kmeans,kmeans_k3,0,1.0
3657,1,0,2,4,2,1,3,1,kmeans,kmeans_k3,1,1.0
500,0,1,0,2,1,2,1,0,kmeans,kmeans_k3,0,1.0
1951,2,3,1,4,1,1,3,5,kmeans,kmeans_k3,2,1.0
3262,0,1,0,2,1,2,1,0,kmeans,kmeans_k3,0,1.0
4102,2,2,3,3,2,0,0,2,kmeans,kmeans_k3,2,1.0
7042,2,3,1,1,2,0,0,3,kmeans,kmeans_k3,2,1.0
10598,2,2,3,3,2,0,0,3,kmeans,kmeans_k3,2,1.0
255,1,2,3,3,2,0,0,4,kmeans,kmeans_k3,1,1.0
2375,2,2,3,3,2,0,0,2,kmeans,kmeans_k3,2,1.0
9829,2,3,1,1,2,0,0,3,kmeans,kmeans_k3,2,1.0
6214,2,3,1,1,2,0,0,3,kmeans,kmeans_k3,2,1.0
4954,1,0,2,4,2,1,3,5,kmeans,kmeans_k3,1,1.0
7861,1,0,2,0,1,2,3,5,kmeans,kmeans_k3,1,1.0
4837,1,0,2,0,1,1,3,1,kmeans,kmeans_k3,1,1.0
9423,2,2,3,3,2,0,0,3,kmeans,kmeans_k3,2,1.0
4198,2,2,3,3,2,0,0,2,kmeans,kmeans_k3,2,1.0
153,2,2,3,3,2,0,0,3,kmeans,kmeans_k3,2,1.0
9323,1,0,2,0,1,1,3,1,kmeans,kmeans_k3,1,1.0
10001,2,3,1,1,2,0,0,3,kmeans,kmeans_k3,2,1.0
3945,1,0,2,0,1,2,3,1,kmeans,kmeans_k3,1,1.0
3799,1,0,2,0,1,1,3,1,kmeans,kmeans_k3,1,1.0
8625,2,2,3,4,2,0,0,3,kmeans,kmeans_k3,2,1.0
3491,0,0,2,4,1,1,3,1,kmeans,kmeans_k3,0,1.0
983,1,0,2,4,2,1,3,1,kmeans,kmeans_k3,1,1.0
9119,0,1,0,2,1,1,3,1,kmeans,kmeans_k3,0,1.0
4786,1,0,2,0,1,1,3,1,kmeans,kmeans_k3,1,1.0
5872,0,1,0,2,1,1,3,5,kmeans,kmeans_k3,0,1.0
6568,2,3,1,4,2,0,0,3,kmeans,kmeans_k3,2,1.0
5628,0,0,2,0,1,2,1,0,kmeans,kmeans_k3,0,1.0
5631,0,1,0,2,1,1,1,1,kmeans,kmeans_k3,0,1.0
4974,0,0,2,4,1,2,2,5,kmeans,kmeans_k3,0,1.0
8416,2,3,1,1,2,0,0,3,kmeans,kmeans_k3,2,1.0
5454,1,2,3,3,2,0,0,3,kmeans,kmeans_k3,1,1.0
4095,1,0,2,4,1,1,3,1,kmeans,kmeans_k3,1,1.0
5474,2,2,3,4,2,1,3,1,kmeans,kmeans_k3,2,1.0
4268,1,0,2,0,2,1,2,1,kmeans,kmeans_k3,1,1.0
10701,0,1,0,2,1,2,1,0,kmeans,kmeans_k3,0,1.0
3507,0,1,0,2,1,2,3,5,kmeans,kmeans_k3,0,1.0
2079,0,1,0,2,1,2,1,0,kmeans,kmeans_k3,0,1.0
626,2,2,3,3,2,0,0,3,kmeans,kmeans_k3,2,1.0
4426,1,0,2,0,1,1,2,1,kmeans,kmeans_k3,1,1.0
2591,0,1,0,2,1,2,3,5,kmeans,kmeans_k3,0,1.0
10509,1,2,3,3,2,0,0,4,kmeans,kmeans_k3,1,1.0
6382,2,2,3,3,2,0,0,3,kmeans,kmeans_k3,2,1.0
6673,2,3,1,1,2,1,0,3,kmeans,kmeans_k3,2,1.0
7441,0,1,0,2,1,2,3,5,kmeans,kmeans_k3,0,1.0
1071,1,0,2,0,1,1,3,1,kmeans,kmeans_k3,1,1.0
10061,1,0,2,0,1,1,2,1,kmeans,kmeans_k3,1,1.0
8775,2,2,3,4,2,1,0,1,kmeans,kmeans_k3,2,1.0
2345,0,1,0,2,1,2,1,0,kmeans,kmeans_k3,0,1.0
322,1,2,3,3,2,0,0,3,kmeans,kmeans_k3,1,1.0
10897,1,0,2,0,1,2,3,1,kmeans,kmeans_k3,1,1.0
123,0,1,0,2,1,2,3,5,kmeans,kmeans_k3,0,1.0
6103,2,3,1,1,2,1,0,3,kmeans,kmeans_k3,2,1.0
7899,0,0,2,0,1,2,2,5,kmeans,kmeans_k3,0,1.0
10500,2,3,1,1,2,0,0,3,kmeans,kmeans_k3,2,1.0
1655,2,2,3,3,2,0,0,3,kmeans,kmeans_k3,2,1.0
2406,1,0,2,0,1,1,2,1,kmeans,kmeans_k3,1,1.0
2712,0,1,0,2,1,1,3,5,kmeans,kmeans_k3,0,1.0
5517,2,2,3,3,2,0,0,3,kmeans,kmeans_k3,2,1.0
10643,0,1,0,2,1,1,1,1,kmeans,kmeans_k3,0,1.0
2254,0,1,0,2,1,2,1,0,kmeans,kmeans_k3,0,1.0
10281,0,1,0,2,1,1,3,5,kmeans,kmeans_k3,0,1.0
6958,2,2,3,3,2,0,0,4,kmeans,kmeans_k3,2,1.0
954,2,3,1,1,2,0,0,3,kmeans,kmeans_k3,2,1.0
4643,2,3,1,1,2,1,0,3,kmeans,kmeans_k3,2,1.0
6497,1,0,2,0,1,1,2,1,kmeans,kmeans_k3,1,1.0
5396,0,1,0,2,1,2,1,0,kmeans,kmeans_k3,0,1.0
1052,1,0,2,0,1,2,3,1,kmeans,kmeans_k3,1,1.0
2802,0,1,0,2,1,2,1,0,kmeans,kmeans_k3,0,1.0
6343,0,1,0,2,1,2,3,5,kmeans,kmeans_k3,0,1.0
6507,2,3,1,1,2,0,0,3,kmeans,kmeans_k3,2,1.0
7901,2,2,3,3,2,0,0,2,kmeans,kmeans_k3,2,1.0
4865,1,0,2,0,1,1,2,1,kmeans,kmeans_k3,1,1.0
2686,2,3,1,1,2,0,0,2,kmeans,kmeans_k3,2,1.0
3107,0,1,0,2,1,1,3,1,kmeans,kmeans_k3,0,1.0
7734,0,1,0,2,1,2,1,0,kmeans,kmeans_k3,0,1.0
1146,1,0,2,0,1,1,3,1,kmeans,kmeans_k3,1,1.0
11031,1,2,3,3,2,0,0,3,kmeans,kmeans_k3,1,1.0
7428,0,1,0,2,1,2,1,0,kmeans,kmeans_k3,0,1.0
975,1,0,2,0,2,1,2,1,kmeans,kmeans_k3,1,1.0
1103,1,0,2,0,1,2,2,5,kmeans,kmeans_k3,1,1.0
3422,1,0,2,0,1,2,2,5,kmeans,kmeans_k3,1,1.0
1055,1,2,3,3,2,0,0,3,kmeans,kmeans_k3,1,1.0
6544,0,1,0,2,1,2,3,1,kmeans,kmeans_k3,0,1.0
1241,2,3,1,1,2,0,0,3,kmeans,kmeans_k3,2,1.0
2909,1,0,2,0,1,2,3,5,kmeans,kmeans_k3,1,1.0
5802,2,3,1,1,2,0,0,3,kmeans,kmeans_k3,2,1.0
1407,2,3,1,1,2,0,0,3,kmeans,kmeans_k3,2,1.0
6183,1,2,3,3,2,1,2,1,kmeans,kmeans_k3,1,1.0
340,1,0,2,4,1,2,3,5,kmeans,kmeans_k3,1,1.0
5991,1,0,2,0,1,1,2,1,kmeans,kmeans_k3,1,1.0
3104,0,1,0,2,1,2,1,0,kmeans,kmeans_k3,0,1.0
9729,1,0,2,4,1,1,3,1,kmeans,kmeans_k3,1,1.0
1008,1,0,2,0,1,1,1,1,kmeans,kmeans_k3,1,1.0
11091,2,2,3,3,2,0,0,3,kmeans,kmeans_k3,2,1.0
3969,2,3,1,4,2,0,0,3,kmeans,kmeans_k3,2,1.0
1916,1,0,2,4,1,1,3,1,kmeans,kmeans_k3,1,1.0
9907,0,0,2,0,1,1,2,1,kmeans,kmeans_k3,0,1.0
87,2,3,1,1,2,0,0,3,kmeans,kmeans_k3,2,1.0
8659,0,1,0,2,1,2,3,5,kmeans,kmeans_k3,0,1.0
6262,0,1,0,2,1,2,1,0,kmeans,kmeans_k3,0,1.0
6147,2,3,1,1,2,0,0,3,kmeans,kmeans_k3,2,1.0
8832,2,2,3,4,2,1,0,1,kmeans,kmeans_k3,2,1.0
10067,2,2,3,3,2,0,0,2,kmeans,kmeans_k3,2,1.0
7532,1,0,2,0,2,1,2,1,kmeans,kmeans_k3,1,1.0
4915,1,0,2,4,1,2,3,5,kmeans,kmeans_k3,1,1.0
2115,1,2,3,3,2,0,0,4,kmeans,kmeans_k3,1,1.0
2088,0,1,0,2,1,2,1,0,kmeans,kmeans_k3,0,1.0
2493,1,0,2,0,1,1,2,1,kmeans,kmeans_k3,1,1.0
6292,0,1,0,2,1,2,1,0,kmeans,kmeans_k3,0,1.0
1631,1,0,2,0,1,2,3,5,kmeans,kmeans_k3,1,1.0
10104,2,2,3,3,2,0,0,2,kmeans,kmeans_k3,2,1.0
3006,2,2,3,3,2,0,0,3,kmeans,kmeans_k3,2,1.0
3919,0,1,0,2,1,2,1,0,kmeans,kmeans_k3,0,1.0
11181,2,3,1,1,0,3,4,2,kmeans,kmeans_k3,2,1.0
642,2,3,1,1,2,0,0,3,kmeans,kmeans_k3,2,1.0
4369,0,1,0,2,1,2,3,5,kmeans,kmeans_k3,0,1.0
10127,1,0,2,0,1,1,2,1,kmeans,kmeans_k3,1,1.0
271,1,0,2,0,2,1,2,1,kmeans,kmeans_k3,1,1.0
4973,2,3,1,1,2,0,0,3,kmeans,kmeans_k3,2,1.0
2948,0,1,0,2,2,1,3,1,kmeans,kmeans_k3,0,1.0
2715,1,0,2,4,2,1,2,1,kmeans,kmeans_k3,1,1.0
10432,2,3,1,1,2,0,0,3,kmeans,kmeans_k3,2,1.0
9216,2,2,3,3,2,0,0,3,kmeans,kmeans_k3,2,1.0
7124,2,2,3,3,2,0,0,3,kmeans,kmeans_k3,2,1.0
9727,2,3,1,1,2,0,0,3,kmeans,kmeans_k3,2,1.0
5136,1,0,2,0,1,1,2,1,kmeans,kmeans_k3,1,1.0
9790,1,0,2,0,1,2,1,0,kmeans,kmeans_k3,1,1.0
1818,1,2,3,3,2,0,0,3,kmeans,kmeans_k3,1,1.0
1100,1,2,3,3,2,0,0,3,kmeans,kmeans_k3,1,1.0
7873,1,0,2,4,1,1,2,1,kmeans,kmeans_k3,1,1.0
10609,1,2,3,3,2,1,2,1,kmeans,kmeans_k3,1,1.0
6950,1,2,3,3,2,0,0,3,kmeans,kmeans_k3,1,1.0
7233,0,1,0,2,1,2,1,5,kmeans,kmeans_k3,0,1.0
9481,2,3,1,1,2,0,0,3,kmeans,kmeans_k3,2,1.0
7699,1,0,2,0,2,1,2,1,kmeans,kmeans_k3,1,1.0
2711,2,3,1,1,2,0,0,3,kmeans,kmeans_k3,2,1.0
8933,2,2,3,3,2,0,0,3,kmeans,kmeans_k3,2,1.0
8726,1,2,3,4,2,1,2,1,kmeans,kmeans_k3,1,1.0
1515,2,2,3,3,2,0,0,3,kmeans,kmeans_k3,2,1.0
5186,1,0,2,0,1,1,2,1,kmeans,kmeans_k3,1,1.0
10157,0,1,0,4,2,1,3,5,kmeans,kmeans_k3,0,1.0
5667,0,0,2,0,1,2,3,5,kmeans,kmeans_k3,0,1.0
902,1,0,2,0,1,1,2,1,kmeans,kmeans_k3,1,1.0
977,1,0,2,0,1,1,3,1,kmeans,kmeans_k3,1,1.0
7313,0,1,0,2,1,2,1,0,kmeans,kmeans_k3,0,1.0
7600,2,3,1,1,2,0,0,3,kmeans,kmeans_k3,2,1.0
9706,1,2,3,3,2,1,2,3,kmeans,kmeans_k3,1,1.0
2429,0,1,0,2,1,2,3,5,kmeans,kmeans_k3,0,1.0
3520,0,1,0,2,1,2,1,5,kmeans,kmeans_k3,0,1.0
10394,0,1,0,2,1,2,1,0,kmeans,kmeans_k3,0,1.0
4548,2,2,3,3,2,0,0,3,kmeans,kmeans_k3,2,1.0
9362,1,0,2,0,1,1,2,1,kmeans,kmeans_k3,1,1.0
3968,1,0,2,0,1,1,1,0,kmeans,kmeans_k3,1,1.0
4084,0,1,0,2,1,1,3,5,kmeans,kmeans_k3,0,1.0
6721,0,0,2,0,1,2,3,5,kmeans,kmeans_k3,0,1.0
2829,1,0,2,0,1,1,2,1,kmeans,kmeans_k3,1,1.0
1772,0,1,0,2,1,2,1,0,kmeans,kmeans_k3,0,1.0
1544,0,1,0,2,1,2,1,0,kmeans,kmeans_k3,0,1.0
492,1,0,2,0,1,1,2,1,kmeans,kmeans_k3,1,1.0
4377,1,0,2,4,1,1,2,1,kmeans,kmeans_k3,1,1.0
4541,1,2,3,3,2,1,2,1,kmeans,kmeans_k3,1,1.0
1321,2,2,3,4,2,0,0,3,kmeans,kmeans_k3,2,1.0
8858,1,0,2,0,1,1,2,1,kmeans,kmeans_k3,1,1.0
3266,2,3,1,1,2,0,0,3,kmeans,kmeans_k3,2,1.0
11187,2,3,1,1,2,0,0,3,kmeans,kmeans_k3,2,1.0
8207,1,2,3,3,2,0,0,3,kmeans,kmeans_k3,1,1.0
9723,0,0,2,0,1,1,3,5,kmeans,kmeans_k3,0,1.0
2666,0,0,2,0,1,1,3,5,kmeans,kmeans_k3,0,1.0
5721,0,1,0,2,1,2,1,0,kmeans,kmeans_k3,0,1.0
10652,0,1,0,2,1,2,3,5,kmeans,kmeans_k3,0,1.0
1646,2,3,1,1,2,0,0,3,kmeans,kmeans_k3,2,1.0
4418,0,1,0,2,1,2,1,0,kmeans,kmeans_k3,0,1.0
2656,2,2,3,3,2,0,0,3,kmeans,kmeans_k3,2,1.0
7990,2,2,3,3,2,0,0,2,kmeans,kmeans_k3,2,1.0
8722,0,1,0,2,1,2,1,0,kmeans,kmeans_k3,0,1.0
7118,1,0,2,0,1,2,3,5,kmeans,kmeans_k3,1,1.0
2980,2,2,3,3,2,0,0,3,kmeans,kmeans_k3,2,1.0
1839,2,2,3,4,2,1,2,1,kmeans,kmeans_k3,2,1.0
10722,1,0,2,0,1,1,2,1,kmeans,kmeans_k3,1,1.0
2632,1,0,2,0,1,1,2,1,kmeans,kmeans_k3,1,1.0
9014,1,2,3,3,2,0,0,3,kmeans,kmeans_k3,1,1.0
7620,2,3,1,1,2,0,0,3,kmeans,kmeans_k3,2,1.0
10968,0,1,0,2,1,2,3,5,kmeans,kmeans_k3,0,1.0
11133,1,0,2,0,1,1,2,1,kmeans,kmeans_k3,1,1.0
2736,0,1,0,2,1,2,3,5,kmeans,kmeans_k3,0,1.0
1876,2,3,1,1,2,0,0,3,kmeans,kmeans_k3,2,1.0
5959,1,0,2,0,2,1,2,1,kmeans,kmeans_k3,1,1.0
1092,0,0,2,4,1,2,3,5,kmeans,kmeans_k3,0,1.0
4333,1,2,3,3,2,0,0,4,kmeans,kmeans_k3,1,1.0
3850,2,3,1,1,2,0,0,3,kmeans,kmeans_k3,2,1.0
6168,1,2,3,3,2,0,0,4,kmeans,kmeans_k3,1,1.0
607,1,0,2,0,1,1,3,1,kmeans,kmeans_k3,1,1.0
10469,0,1,0,2,1,2,1,0,kmeans,kmeans_k3,0,1.0
6983,1,2,3,3,2,0,0,3,kmeans,kmeans_k3,1,1.0
3661,0,1,0,2,1,2,1,0,kmeans,kmeans_k3,0,1.0
9303,2,3,1,4,0,3,4,4,kmeans,kmeans_k3,2,1.0
692,2,2,3,3,2,0,0,2,kmeans,kmeans_k3,2,1.0
736,2,2,3,4,2,0,0,3,kmeans,kmeans_k3,2,1.0
9589,0,1,0,2,1,2,1,5,kmeans,kmeans_k3,0,1.0
4838,2,2,3,3,2,0,0,2,kmeans,kmeans_k3,2,1.0
9246,1,0,2,4,1,1,3,1,kmeans,kmeans_k3,1,1.0
6261,1,0,2,0,1,1,3,5,kmeans,kmeans_k3,1,1.0
7366,0,1,0,2,1,2,1,0,kmeans,kmeans_k3,0,1.0
10659,2,3,1,1,2,0,0,3,kmeans,kmeans_k3,2,1.0
1448,2,2,3,3,2,0,0,3,kmeans,kmeans_k3,2,1.0
4286,1,0,2,0,1,1,2,1,kmeans,kmeans_k3,1,1.0
4749,1,0,2,0,1,1,3,1,kmeans,kmeans_k3,1,1.0
4478,1,0,2,0,1,1,2,1,kmeans,kmeans_k3,1,1.0
4201,1,0,2,0,1,1,3,1,kmeans,kmeans_k3,1,1.0
10084,2,3,1,1,2,0,0,3,kmeans,kmeans_k3,2,1.0
7004,2,3,1,4,2,0,0,3,kmeans,kmeans_k3,2,1.0
9817,1,0,2,0,1,1,1,1,kmeans,kmeans_k3,1,1.0
8080,2,3,1,1,2,0,0,2,kmeans,kmeans_k3,2,1.0
8372,2,3,1,1,2,0,0,2,kmeans,kmeans_k3,2,1.0
10870,1,0,2,0,1,2,3,5,kmeans,kmeans_k3,1,1.0
4001,1,0,2,0,1,1,2,1,kmeans,kmeans_k3,1,1.0
7270,0,1,0,2,1,2,1,5,kmeans,kmeans_k3,0,1.0
8235,0,1,0,2,1,1,3,1,kmeans,kmeans_k3,0,1.0
9405,1,0,2,4,2,1,2,1,kmeans,kmeans_k3,1,1.0
